,company,loc_country,rating
0,5150,U.S.A.,3.25
1,5150,U.S.A.,3.75
2,5150,U.S.A.,3.5
3,5150,U.S.A.,3.0
7,A. Morin,France,3.5
8,A. Morin,France,3.75
9,A. Morin,France,2.75
10,A. Morin,France,3.0
11,A. Morin,France,3.25
16,A. Morin,France,4.0
36,Acalli,U.S.A.,3.75
38,Acalli,U.S.A.,3.25
39,Acalli,U.S.A.,3.5
40,Adi aka Fijiana (Easy In Ltd),Fiji,2.75
41,Adi aka Fijiana (Easy In Ltd),Fiji,3.25
42,Adi aka Fijiana (Easy In Ltd),Fiji,3.5
44,Aelan,Vanuatu,2.5
45,Aelan,Vanuatu,2.75
46,Aelan,Vanuatu,3.0
48,Aequare (Gianduja),Ecuador,2.75
49,Aequare (Gianduja),Ecuador,3.0
50,Ah Cacao,Mexico,3.0
51,Akesson's (Pralus),U.K.,2.75
53,Akesson's (Pralus),U.K.,3.75
54,Alain Ducasse,France,2.5
56,Alain Ducasse,France,2.75
58,Alain Ducasse,France,3.0
59,Alain Ducasse,France,3.5
60,Alexandre,Netherlands,3.5
64,Altus aka Cao Artisan,U.S.A.,2.5
65,Altus aka Cao Artisan,U.S.A.,3.0
66,Altus aka Cao Artisan,U.S.A.,3.25
69,Altus aka Cao Artisan,U.S.A.,2.75
75,Amano,U.S.A.,3.5
76,Amano,U.S.A.,3.0
77,Amano,U.S.A.,3.75
78,Amano,U.S.A.,2.75
81,Amano,U.S.A.,4.0
84,Amatller (Simon Coll),Spain,3.0
85,Amatller (Simon Coll),Spain,2.75
88,Amazing Cacao,Russia,3.0
89,Amazing Cacao,Russia,3.5
90,Amazona,Peru,3.25
91,Amazona,Peru,3.5
92,Ambrosia,Canada,3.0
93,Ambrosia,Canada,3.25
97,Ambrosia,Canada,3.5
98,Amedei,Italy,3.75
99,Amedei,Italy,3.0
101,Amedei,Italy,3.5
110,Amedei,Italy,2.75
111,AMMA,Brazil,2.75
112,AMMA,Brazil,3.75
114,AMMA,Brazil,4.0
115,AMMA,Brazil,3.25
116,Anahata,U.S.A.,3.0
117,Animas,U.S.A.,3.5
118,Animas,U.S.A.,3.0
119,Animas,U.S.A.,3.25
120,Ara,France,3.0
121,Ara,France,2.5
122,Ara,France,2.75
124,Arete,U.S.A.,3.5
126,Arete,U.S.A.,3.75
129,Arete,U.S.A.,4.0
130,Arete,U.S.A.,2.75
131,Arete,U.S.A.,3.25
152,Arete,U.S.A.,3.0
156,Argencove,Nicaragua,3.25
157,Argencove,Nicaragua,3.5
159,Argencove,Nicaragua,3.0
160,Artisan du Chocolat,U.K.,3.75
161,Artisan du Chocolat,U.K.,2.5
162,Artisan du Chocolat,U.K.,2.75
163,Artisan du Chocolat,U.K.,1.75
164,Artisan du Chocolat,U.K.,3.0
166,Artisan du Chocolat,U.K.,3.25
171,Artisan du Chocolat,U.K.,3.5
172,Artisan du Chocolat,U.K.,4.0
176,Artisan du Chocolat (Casa Luker),U.K.,2.75
177,Aruntam,Italy,3.25
179,Aruntam,Italy,3.5
180,Askinosie,U.S.A.,2.5
181,Askinosie,U.S.A.,3.0
182,Askinosie,U.S.A.,3.75
186,Atypic,Australia,3.0
187,Auro,Philippines,2.75
188,Auro,Philippines,3.0
190,Auro,Philippines,3.5
191,Avanaa,Canada,2.5
192,Avanaa,Canada,3.0
193,Bahen & Co.,Australia,3.0
194,Bahen & Co.,Australia,2.5
196,Bahen & Co.,Australia,3.25
197,Bahen & Co.,Australia,3.5
198,Baiani,Brazil,3.0
199,Bakau,Peru,2.75
200,Bakau,Peru,3.5
201,Bankston,U.S.A.,2.5
202,Bankston,U.S.A.,2.75
203,Bankston,U.S.A.,3.25
204,Bar Au Chocolat,U.S.A.,3.25
205,Bar Au Chocolat,U.S.A.,3.5
206,Bar Au Chocolat,U.S.A.,3.75
207,Bar Au Chocolat,U.S.A.,4.0
211,Baravelli's,Wales,2.75
212,Bare Bones,U.K.,3.25
213,Batch,U.S.A.,3.5
214,Batch,U.S.A.,3.75
215,Batch,U.S.A.,3.25
216,Bean,U.K.,2.25
217,Beau Cacao,U.K.,3.0
218,Beau Cacao,U.K.,3.25
219,Beehive,U.S.A.,2.75
223,Belcolade,Belgium,2.75
226,Belcolade,Belgium,3.5
227,Bellflower,U.S.A.,3.5
228,Bellflower,U.S.A.,3.25
230,Belvie,Vietnam,3.25
231,Belvie,Vietnam,3.75
232,Belyzium,Germany,2.75
233,Belyzium,Germany,3.0
234,Belyzium,Germany,3.5
235,Benns,Singapore,3.0
238,Benoit Nihant,Belgium,4.0
239,Benoit Nihant,Belgium,3.75
240,Benoit Nihant,Belgium,3.5
245,Benoit Nihant,Belgium,3.0
246,Bernachon,France,2.75
247,Beschle (Felchlin),Switzerland,3.25
249,Beschle (Felchlin),Switzerland,3.5
251,Beschle (Felchlin),Switzerland,3.0
254,Beschle (Felchlin),Switzerland,4.0
255,Bisou,U.S.A.,2.5
258,Bisou,U.S.A.,3.25
259,Bitacora,Venezuela,3.5
260,Bitacora,Venezuela,3.0
262,Bittersweet Origins,U.S.A.,3.0
263,Bittersweet Origins,U.S.A.,3.5
264,Bittersweet Origins,U.S.A.,3.75
268,Bittersweet Origins,U.S.A.,3.25
272,Bittersweet Origins,U.S.A.,2.75
276,Bixby,U.S.A.,3.0
278,Bixby,U.S.A.,3.25
279,Bixby,U.S.A.,2.75
280,Black Mountain,U.S.A.,2.75
282,Black Mountain,U.S.A.,3.0
283,Black Mountain,U.S.A.,3.75
284,Black River (A. Morin),U.K.,2.75
285,Black Sheep,U.S.A.,3.25
287,Blanxart,Spain,2.75
288,Blanxart,Spain,3.5
289,Blue Bandana,U.S.A.,3.5
290,Blue Bandana,U.S.A.,3.75
292,Blue Bandana,U.S.A.,2.75
294,Blue Bandana,U.S.A.,3.0
295,Boho,U.S.A.,2.75
296,Bonaterra,Malaysia,2.5
297,Bonaterra,Malaysia,2.75
298,Bonaterra,Malaysia,3.25
299,Bonnat,France,3.75
301,Bonnat,France,4.0
303,Bonnat,France,1.5
304,Bonnat,France,3.0
306,Bonnat,France,2.5
309,Bonnat,France,2.75
312,Bonnat,France,3.5
319,Bonnat,France,3.25
329,Bouga Cacao (Tulicorp),Ecuador,3.25
330,Bouga Cacao (Tulicorp),Ecuador,1.5
331,Bowler Man,U.S.A.,2.75
333,Brasstown,U.S.A.,4.0
334,Brasstown,U.S.A.,3.75
335,Brasstown,U.S.A.,3.5
336,Brasstown,U.S.A.,3.0
337,Brasstown aka It's Chocolate,U.S.A.,3.0
338,Brasstown aka It's Chocolate,U.S.A.,3.25
339,Brasstown aka It's Chocolate,U.S.A.,3.5
341,Brasstown aka It's Chocolate,U.S.A.,3.75
342,Brasstown aka It's Chocolate,U.S.A.,4.0
348,Brazen,U.S.A.,3.0
349,Brazen,U.S.A.,3.25
350,Brazen,U.S.A.,3.5
351,Brazen,U.S.A.,2.75
354,Breeze Mill,U.S.A.,3.0
355,Bright,Australia,3.0
356,Bright,Australia,3.5
358,Bright,Australia,2.75
359,Britarev,Russia,3.25
360,Bronx Grrl Chocolate,U.S.A.,2.75
361,Bullion,U.K.,2.5
362,Bullion,U.K.,3.0
363,Burnt Fork Bend,U.S.A.,3.25
364,Burnt Fork Bend,U.S.A.,3.5
367,Burnt Fork Bend,U.S.A.,2.5
368,By Cacao,South Korea,3.0
369,Cacai Cacao,Taiwan,3.25
370,Cacai Cacao,Taiwan,3.5
371,Cacao 70,Canada,3.5
372,Cacao 70,Canada,3.75
373,Cacao 70,Canada,3.0
374,Cacao Arabuco,Puerto Rico,2.5
375,Cacao Atlanta,U.S.A.,2.5
376,Cacao Atlanta,U.S.A.,2.75
377,Cacao Atlanta,U.S.A.,2.25
379,Cacao Barry,France,2.0
380,Cacao Barry,France,3.0
383,Cacao Barry,France,3.5
384,Cacao Betulia,Switzerland,2.5
385,Cacao Betulia,Switzerland,3.75
386,Cacao Betulia,Switzerland,3.0
387,Cacao de Origen,Venezuela,2.5
388,Cacao de Origen,Venezuela,3.25
389,Cacao de Origen,Venezuela,3.5
390,Cacao de Origen,Venezuela,3.75
394,Cacao de Origen,Venezuela,2.75
396,Cacao de Origen,Venezuela,3.0
397,Cacao Gonzales,U.S.A.,3.0
398,Cacao Hunters,Colombia,3.5
400,Cacao Hunters,Colombia,2.75
401,Cacao Hunters,Colombia,3.25
402,Cacao Hunters,Colombia,3.75
405,Cacao Market,U.S.A.,3.5
406,Cacao Prieto,U.S.A.,3.0
407,Cacao Prieto,U.S.A.,3.75
408,Cacao Prieto,U.S.A.,3.25
410,Cacao Sampaka,Spain,4.0
412,Cacao Sampaka,Spain,3.5
413,Cacao Sampaka,Spain,3.75
415,Cacao Sampaka,Spain,3.25
419,Cacao Santa Fe (Art of Chocolate),U.S.A.,2.75
421,Cacao Santa Fe (Art of Chocolate),U.S.A.,3.0
422,Cacao Store,Japan,3.0
423,Cacao Store,Japan,3.25
424,Cacao Store,Japan,3.5
425,Cacaodada,South Korea,3.0
426,Cacaodada,South Korea,3.25
427,Cacaodada,South Korea,3.5
428,Cacaosuyo,Peru,3.5
429,Cacaosuyo,Peru,4.0
432,Cacaoyere (Ecuatoriana),Ecuador,3.5
434,Cacaoyere (Ecuatoriana),Ecuador,2.5
435,Cacaoyere (Ecuatoriana),Ecuador,1.5
436,Callebaut,Belgium,1.0
437,Callebaut,Belgium,2.75
438,C-Amaro,Italy,2.25
439,C-Amaro,Italy,2.5
440,C-Amaro,Italy,3.0
441,C-Amaro,Italy,3.5
445,Cao,U.S.A.,2.5
446,Cao,U.S.A.,2.75
447,Cao,U.S.A.,3.0
449,Cao,U.S.A.,3.25
450,Caofiori,Colombia,3.25
452,Caofiori,Colombia,3.5
453,Caofiori,Colombia,3.75
454,Caoni (Tulicorp),Ecuador,2.0
455,Caoni (Tulicorp),Ecuador,2.5
456,Caoni (Tulicorp),Ecuador,2.75
457,Caoni (Tulicorp),Ecuador,3.0
458,Caoni (Tulicorp),Ecuador,3.25
459,Caoni (Tulicorp),Ecuador,3.5
460,Captain Pembleton,New Zealand,3.5
461,Captain Pembleton,New Zealand,3.75
462,CAR Artisan,U.S.A.,3.0
463,CAR Artisan,U.S.A.,3.25
466,Caribeans,Costa Rica,3.0
467,Caribeans,Costa Rica,2.75
468,Caribeans,Costa Rica,3.5
469,Caribeans,Costa Rica,3.25
471,Carlotta Chocolat,Colombia,3.0
472,Carlotta Chocolat,Colombia,3.25
474,Carlotta Chocolat,Colombia,3.5
476,Casa,U.S.A.,2.0
477,Casa Lasevicius,Brazil,3.0
478,Casa Lasevicius,Brazil,3.25
479,Castronovo,U.S.A.,3.0
480,Castronovo,U.S.A.,3.5
481,Castronovo,U.S.A.,2.5
482,Castronovo,U.S.A.,3.25
484,Castronovo,U.S.A.,2.75
490,Castronovo,U.S.A.,3.75
492,Castronovo,U.S.A.,4.0
498,Cedric de Taeye,Belgium,3.0
499,Cedric de Taeye,Belgium,2.75
500,Cedric de Taeye,Belgium,2.5
501,Cello,U.S.A.,2.5
502,Cello,U.S.A.,2.75
504,Cello,U.S.A.,3.0
505,Cemoi,France,2.75
506,Chaleur B,Canada,2.75
507,Chaleur B,Canada,3.0
509,Chaleur B,Canada,3.25
510,Chapon,France,3.0
511,Chapon,France,3.5
512,Charm School,U.S.A.,3.25
513,Chchukululu (Tulicorp),Ecuador,3.0
514,Chchukululu (Tulicorp),Ecuador,2.75
515,Chequessett,U.S.A.,3.5
516,Chequessett,U.S.A.,3.0
518,Chequessett,U.S.A.,3.25
520,Chloe Chocolat,France,3.5
521,Chocablog,U.K.,3.25
522,Choco Del Sol,Germany,3.0
523,Choco Del Sol,Germany,3.25
524,Choco Dong,South Korea,2.75
525,Choco Dong,South Korea,3.5
526,Chococard (Lapos),Hungary,2.5
527,Chococard (Lapos),Hungary,3.25
528,Chocolarder,U.K.,2.5
529,Chocolarder,U.K.,2.75
531,Chocolarder,U.K.,3.0
532,Chocola'te,U.S.A.,3.75
534,Chocolate Alchemist-Philly,U.S.A.,2.5
536,Chocolate Con Amor,U.S.A.,2.5
537,Chocolate Con Amor,U.S.A.,2.75
538,Chocolate Con Amor,U.S.A.,3.0
541,Chocolate Con Amor,U.S.A.,3.25
543,Chocolate Conspiracy,U.S.A.,2.75
544,Chocolate Makers,Netherlands,3.25
545,Chocolate Makers,Netherlands,3.5
546,Chocolate Makers,Netherlands,3.75
547,Chocolate Tree,Scotland,2.5
548,Chocolate Tree,Scotland,2.75
549,Chocolate Tree,Scotland,3.25
550,Chocolate Tree,Scotland,3.75
554,Chocolates by Josh (Box Chocolate),U.S.A.,3.25
555,Chocolatoa,Belgium,3.0
556,Chocolats Privilege,Canada,2.5
557,Chocolibrium,U.S.A.,2.5
558,Chocolibrium,U.S.A.,2.75
560,ChocoReko,Japan,3.0
561,Chocosol,Canada,3.25
563,Chocotenango,U.S.A.,3.25
564,Chocotenango,U.S.A.,3.5
566,Chocovic,Spain,2.5
568,Chocovic,Spain,3.0
569,Chocovic,Spain,3.5
570,Chocovic,Spain,3.25
574,Chocovivo,U.S.A.,2.5
576,Choklat,Canada,2.5
577,Choklat,Canada,2.75
578,Choklat,Canada,3.0
581,Chokola,U.S.A.,3.75
582,Chokola,U.S.A.,4.0
583,Chokola,U.S.A.,3.5
587,Chokolat Elot (Girard),Martinique,2.75
588,Christophe Toury,U.S.A.,2.75
589,Christopher Elbow,U.S.A.,3.75
591,Christopher Elbow,U.S.A.,3.25
592,Christopher Elbow,U.S.A.,3.5
594,Christopher Elbow,U.S.A.,4.0
595,Christopher Elbow,U.S.A.,3.0
596,Christopher Morel (Felchlin),Canada,3.75
597,Chuao Chocolatier,U.S.A.,3.0
598,Chuao Chocolatier (Pralus),U.S.A.,2.75
599,Claudio Corallo,Sao Tome & Principe,3.0
600,Claudio Corallo,Sao Tome & Principe,3.75
601,Claudio Corallo,Sao Tome & Principe,1.0
603,Cleveland Chocolate Company,U.S.A.,3.5
605,Cloudforest,U.S.A.,3.5
606,Coco,Canada,3.5
607,Cocoa Carib,St. Lucia,2.25
608,Cocoa Forge,U.S.A.,3.0
609,Cocoa Forge,U.S.A.,3.25
611,Compania de Chocolate (Salgado),Argentina,2.75
612,Compania de Chocolate (Salgado),Argentina,3.25
613,Compania de Chocolate (Salgado),Argentina,3.75
616,Condor,U.S.A.,3.5
617,Confluence,U.S.A.,2.75
618,Conjure,U.S.A.,3.25
619,Conjure,U.S.A.,2.5
621,Conjure,U.S.A.,3.5
622,Coppeneur,Germany,3.0
626,Coppeneur,Germany,3.25
627,Coppeneur,Germany,3.5
628,Coppeneur,Germany,3.75
631,Coppeneur,Germany,2.5
636,Coppeneur,Germany,1.5
641,Cote d' Or (Kraft),Belgium,1.0
642,Cravve,Australia,3.25
646,Cravve,Australia,3.5
647,Cravve,Australia,2.5
648,Cravve,Australia,2.75
649,Creo,U.S.A.,3.25
650,Creo,U.S.A.,3.75
651,Crow and Moss,U.S.A.,3.25
653,Crow and Moss,U.S.A.,3.5
655,Crow and Moss,U.S.A.,3.75
656,CRU,U.S.A.,3.5
658,CRU,U.S.A.,3.0
659,Cultura,U.S.A.,3.5
661,Cultura,U.S.A.,3.25
663,Cuna de Piedra,Mexico,3.75
664,Daintree,Australia,3.25
665,Daintree,Australia,2.75
666,Dalloway,U.S.A.,2.75
667,Damson,U.K.,3.0
668,Damson,U.K.,3.5
669,Damson,U.K.,2.25
670,Damson,U.K.,2.75
671,Damson,U.K.,2.5
672,Dancing Lion,U.S.A.,2.5
673,Dancing Lion,U.S.A.,3.0
674,Dancing Lion,U.S.A.,3.5
675,Dandelion,U.S.A.,3.0
676,Dandelion,U.S.A.,3.25
677,Dandelion,U.S.A.,3.75
678,Dandelion,U.S.A.,2.75
680,Dandelion,U.S.A.,3.5
694,Dandelion,U.S.A.,4.0
700,Dandelion (aka Brower Ave),U.S.A.,3.25
703,Dandelion (Japan),U.S.A.,3.0
704,Danta,Guatemala,3.0
705,Danta,Guatemala,3.25
706,Danta,Guatemala,3.5
708,Danta,Guatemala,3.75
710,Danta,Guatemala,4.0
713,DAR,U.S.A.,2.75
714,DAR,U.S.A.,3.0
715,DAR,U.S.A.,3.25
716,Darcis,Belgium,3.0
717,Darcis,Belgium,3.25
718,Dark Forest,U.S.A.,3.0
719,Dark Forest,U.S.A.,3.25
723,Davis,U.S.A.,3.25
724,Davis,U.S.A.,2.5
725,Davis,U.S.A.,2.75
727,De Mendes,Brazil,3.5
729,De Villiers,South Africa,2.5
730,De Villiers,South Africa,3.0
731,Dean and Deluca (Belcolade),U.S.A.,2.5
732,Dean and Deluca (Belcolade),U.S.A.,3.0
737,Debauve & Gallais (Michel Cluizel),France,3.75
738,Debauve & Gallais (Michel Cluizel),France,3.0
739,Definite,Dominican Republic,2.5
741,Definite,Dominican Republic,3.0
742,Desbarres,Canada,2.5
743,Desbarres,Canada,3.0
744,DeVries,U.S.A.,3.5
746,DeVries,U.S.A.,2.75
747,Dick Taylor,U.S.A.,2.75
749,Dick Taylor,U.S.A.,3.0
750,Dick Taylor,U.S.A.,3.25
753,Dick Taylor,U.S.A.,3.5
755,Dick Taylor,U.S.A.,3.75
759,Dick Taylor,U.S.A.,4.0
766,Didier Smeets,Belgium,3.0
767,Didier Smeets,Belgium,2.75
769,Didier Smeets,Belgium,2.5
770,Diogo Vaz,Sao Tome & Principe,2.75
771,Diogo Vaz,Sao Tome & Principe,3.0
772,Diogo Vaz,Sao Tome & Principe,2.5
774,Doble & Bignall,U.K.,3.25
776,Doble & Bignall,U.K.,3.5
777,Doble & Bignall,U.K.,3.0
778,Dole (Guittard),U.S.A.,3.75
779,Dolfin (Belcolade),Belgium,1.5
780,Dolfin (Belcolade),Belgium,3.0
781,Domori,Italy,3.0
782,Domori,Italy,3.25
783,Domori,Italy,3.5
784,Domori,Italy,4.0
789,Domori,Italy,3.75
805,Dormouse,U.K.,2.5
806,Dormouse,U.K.,2.75
810,Dormouse,U.K.,3.5
812,Dormouse,U.K.,3.25
813,Double Spiral,U.S.A.,2.5
814,Double Spiral,U.S.A.,2.75
815,Double Spiral,U.S.A.,3.0
816,Ducrey,U.S.A.,3.25
817,Ducrey,U.S.A.,2.75
819,Duffy's,U.K.,3.5
820,Duffy's,U.K.,3.75
821,Duffy's,U.K.,2.5
825,Duffy's,U.K.,3.0
826,Duffy's,U.K.,3.25
831,Duffy's,U.K.,4.0
832,Duffy's,U.K.,2.75
836,Dulcinea,U.S.A.,3.25
837,Durand,France,2.75
838,Durci,U.S.A.,3.5
840,Durci,U.S.A.,3.25
842,Durci,U.S.A.,4.0
844,DWAAR,U.S.A.,3.0
845,East Van Roasters,Canada,3.25
846,East Van Roasters,Canada,3.5
847,East Van Roasters,Canada,3.75
848,Eau de Rose,Canada,3.25
850,Eclat (Felchlin),U.S.A.,2.75
851,Eclat (Fruition),U.S.A.,3.5
852,Edelmond,Germany,3.0
853,El Buen,U.S.A.,3.0
855,El Ceibo,Bolivia,2.75
856,El Ceibo,Bolivia,3.75
857,El Rey,Venezuela,2.75
858,El Rey,Venezuela,2.5
860,El Rey,Venezuela,3.0
863,El Rey,Venezuela,3.75
864,Eldora,U.S.A.,3.5
866,Eldora,U.S.A.,3.25
868,Eldora,U.S.A.,3.0
870,Eldora,U.S.A.,3.75
871,Emerald Estate,St. Lucia,2.75
872,Emerald Estate,St. Lucia,3.25
873,Emily's,Japan,3.0
874,Emily's,Japan,3.5
875,Encuentro,France,3.5
877,Encuentro,France,3.25
879,ENNA,U.S.A.,3.25
880,ENNA,U.S.A.,3.0
881,ENNA,U.S.A.,2.5
883,ENNA,U.S.A.,3.5
884,Enric Rovira (Claudio Corallo),Spain,3.25
885,Erithaj (A. Morin),France,3.25
886,Erithaj (A. Morin),France,3.0
888,Escazu,U.S.A.,3.0
889,Escazu,U.S.A.,2.0
890,Escazu,U.S.A.,3.5
891,Escazu,U.S.A.,2.75
895,Ethel's Artisan (Mars),U.S.A.,2.5
898,Ethel's Artisan (Mars),U.S.A.,2.75
900,Ethereal,U.S.A.,3.0
901,Ethereal,U.S.A.,3.5
902,Ethereal,U.S.A.,3.75
905,Exquisito,U.S.A.,3.0
906,Fearless (AMMA),U.S.A.,2.75
907,Feitoria Cacao,Portugal,3.0
908,Feitoria Cacao,Portugal,2.5
909,Feitoria Cacao,Portugal,2.75
910,Felchlin,Switzerland,3.0
912,Felchlin,Switzerland,3.5
913,Felchlin,Switzerland,4.0
914,Felchlin,Switzerland,2.0
917,Finca,U.S.A.,2.25
918,Finca,U.S.A.,3.0
919,Finca,U.S.A.,3.25
920,Finca,U.S.A.,2.5
921,Finnia,Canada,2.75
922,Finnia,Canada,3.0
924,Finnia,Canada,3.25
925,Firetree,U.K.,3.5
926,Firetree,U.K.,3.25
928,Firetree,U.K.,3.75
929,Five (5)Mile,U.S.A.,3.5
930,Five (5)Mile,U.S.A.,2.75
932,Five (5)Mile,U.S.A.,3.0
933,FJAK,Norway,3.0
934,FJAK,Norway,3.5
936,Forever Cacao,U.K.,2.75
937,Forteza (Cortes),Puerto Rico,2.75
939,Fossa,Singapore,2.75
940,Fossa,Singapore,3.5
941,Fossa,Singapore,3.75
942,Fossa,Singapore,3.0
944,Fossa,Singapore,3.25
951,Foundry,New Zealand,3.0
952,Foundry,New Zealand,3.25
956,Foundry,New Zealand,3.75
958,Franceschi,Venezuela,3.75
959,Franceschi,Venezuela,3.5
962,Franceschi,Venezuela,2.5
963,Franceschi,Venezuela,3.0
964,Franceschi,Venezuela,3.25
967,Frederic Blondeel,Belgium,3.5
971,Frederic Blondeel,Belgium,3.0
972,French Broad,U.S.A.,3.5
974,French Broad,U.S.A.,2.5
976,French Broad,U.S.A.,2.0
978,French Broad,U.S.A.,3.0
979,French Broad,U.S.A.,3.25
983,Fresco,U.S.A.,2.75
984,Fresco,U.S.A.,3.0
985,Fresco,U.S.A.,3.25
986,Fresco,U.S.A.,3.5
995,Fresco,U.S.A.,4.0
1002,Fresco,U.S.A.,3.75
1022,Fresh Coast,U.S.A.,3.5
1023,Fresh Coast,U.S.A.,3.75
1024,Fresh Coast aka Just Good Choc.,U.S.A.,3.5
1026,Fresh Coast aka Just Good Choc.,U.S.A.,4.0
1027,Friis Holm,Denmark,3.5
1028,Friis Holm,Denmark,3.75
1031,Friis Holm,Denmark,3.0
1032,Friis Holm,Denmark,3.25
1034,Friis Holm,Denmark,4.0
1043,Friis Holm (Bonnat),Denmark,3.25
1044,Friis Holm (Bonnat),Denmark,3.5
1049,Friis Holm (Bonnat),Denmark,3.75
1053,Friis Holm (Bonnat),Denmark,3.0
1055,Fruition,U.S.A.,3.25
1056,Fruition,U.S.A.,3.0
1057,Fruition,U.S.A.,2.5
1058,Fruition,U.S.A.,3.75
1063,Fruition,U.S.A.,4.0
1065,Fruition,U.S.A.,3.5
1069,Fu Wan,Taiwan,2.5
1070,Fu Wan,Taiwan,3.0
1072,Fu Wan,Taiwan,3.5
1073,Garden Island,U.S.A.,2.5
1074,Georgia Ramon,Germany,3.25
1075,Georgia Ramon,Germany,4.0
1076,Georgia Ramon,Germany,3.5
1081,Georgia Ramon,Germany,2.75
1083,Glennmade,U.S.A.,3.0
1084,Glennmade,U.S.A.,3.5
1085,Goodnow Farms,U.S.A.,2.75
1086,Goodnow Farms,U.S.A.,3.25
1089,Goodnow Farms,U.S.A.,2.5
1090,Goodnow Farms,U.S.A.,3.0
1091,Goodnow Farms,U.S.A.,3.75
1092,Gotham,U.S.A.,2.75
1093,Gotham,U.S.A.,3.0
1094,Gotham,U.S.A.,3.25
1096,Grand Place,Vietnam,3.0
1097,Great Lakes,U.S.A.,3.5
1101,Green & Black's (ICAM),U.K.,2.5
1102,Green Bean to Bar,Japan,3.5
1103,Green Bean to Bar,Japan,2.5
1104,Green Door,U.K.,3.0
1105,Grenada Chocolate Co.,Grenada,2.5
1106,Grenada Chocolate Co.,Grenada,2.75
1107,Grenada Chocolate Co.,Grenada,3.25
1108,Guido Castagna,Italy,3.0
1112,Guido Castagna,Italy,3.25
1113,Guido Castagna,Italy,2.75
1114,Guittard,U.S.A.,3.0
1115,Guittard,U.S.A.,2.5
1116,Guittard,U.S.A.,3.5
1128,Guittard,U.S.A.,2.75
1129,Guittard,U.S.A.,3.25
1135,Guittard,U.S.A.,3.75
1136,Habitual,Canada,2.75
1138,Habitual,Canada,3.25
1139,Habitual,Canada,3.5
1141,Habitual,Canada,3.0
1144,Habitual,Canada,2.0
1145,Hachez,Germany,2.5
1146,Hacienda El Castillo,Ecuador,2.75
1147,Hacienda El Castillo,Ecuador,3.0
1148,Haigh,Australia,3.0
1149,Harper Macaw,U.S.A.,3.0
1150,Harper Macaw,U.S.A.,3.5
1152,Harper Macaw,U.S.A.,3.25
1154,Harris & James,U.K.,3.25
1155,Harris & James,U.K.,3.0
1156,Harvest,U.S.A.,3.25
1157,Harvest,U.S.A.,3.5
1159,Harvest,U.S.A.,2.75
1160,Hazel Hill,U.S.A.,3.25
1161,Hazel Hill,U.S.A.,3.5
1162,Hazel Hill,U.S.A.,2.75
1163,Hecho,Mexico,3.5
1164,Heilemann,Germany,2.75
1165,Heinde & Verre,Netherlands,2.5
1166,Heinde & Verre,Netherlands,3.0
1168,Heirloom Cacao Preservation (Brasstown),U.S.A.,3.25
1169,Heirloom Cacao Preservation (Fruition),U.S.A.,3.5
1170,Heirloom Cacao Preservation (Guittard),U.S.A.,3.5
1171,Heirloom Cacao Preservation (Guittard),U.S.A.,3.0
1172,Heirloom Cacao Preservation (Guittard),U.S.A.,3.75
1174,Heirloom Cacao Preservation (Manoa),U.S.A.,3.5
1175,Heirloom Cacao Preservation (Millcreek),U.S.A.,3.5
1176,Heirloom Cacao Preservation (Mindo),U.S.A.,3.5
1177,Heirloom Cacao Preservation (Zokoko),U.S.A.,3.75
1178,Heirloom Cacao Preservation (Zokoko),U.S.A.,4.0
1179,hello cocoa (now Markham & Fitz),U.S.A.,2.75
1180,hello cocoa (now Markham & Fitz),U.S.A.,3.5
1181,Hemisphere,U.S.A.,2.75
1182,Hemisphere,U.S.A.,3.25
1183,hexx,U.S.A.,2.75
1184,hexx,U.S.A.,3.0
1186,hexx,U.S.A.,3.25
1188,hexx,U.S.A.,2.5
1189,hexx,U.S.A.,3.5
1190,hexx,U.S.A.,2.25
1193,Hogarth,New Zealand,2.75
1195,Hogarth,New Zealand,3.25
1196,Hogarth,New Zealand,3.5
1199,Hoja Verde (Tulicorp),Ecuador,2.0
1200,Hoja Verde (Tulicorp),Ecuador,2.5
1201,Hoja Verde (Tulicorp),Ecuador,3.0
1202,Hoja Verde (Tulicorp),Ecuador,3.25
1203,Hoja Verde (Tulicorp),Ecuador,3.5
1204,Holy Cacao,Israel,2.5
1205,Holy Cacao,Israel,2.75
1206,Holy Cacao,Israel,3.5
1207,Holy Cacao,Israel,3.75
1213,Honest,South Africa,2.5
1214,Hotel Chocolat,U.K.,4.0
1215,Hotel Chocolat,U.K.,1.75
1216,Hotel Chocolat,U.K.,2.75
1218,Hotel Chocolat,U.K.,3.0
1220,Hotel Chocolat (Coppeneur),U.K.,3.0
1221,Hotel Chocolat (Coppeneur),U.K.,2.5
1222,Hotel Chocolat (Coppeneur),U.K.,2.75
1229,Hotel Chocolat (Coppeneur),U.K.,3.25
1230,Hotel Chocolat (Coppeneur),U.K.,3.5
1239,Hummingbird,Canada,3.25
1240,Hummingbird,Canada,3.75
1241,Hummingbird,Canada,3.0
1245,Hummingbird,Canada,3.5
1247,Idilio (Felchlin),Switzerland,3.75
1249,Idilio (Felchlin),Switzerland,3.25
1251,Idilio (Felchlin),Switzerland,4.0
1252,Idilio (Felchlin),Switzerland,3.5
1257,Indah,India,2.5
1258,Indi,U.S.A.,3.0
1259,Indi,U.S.A.,3.25
1260,iQ Chocolate,Scotland,2.75
1261,iQ Chocolate,Scotland,3.0
1262,Isidro,U.S.A.,3.5
1263,Isidro,U.S.A.,2.25
1264,Isidro,U.S.A.,3.25
1266,Islands Chocolate,St.Vincent-Grenadines,2.75
1267,Izard,U.S.A.,3.5
1268,Izard,U.S.A.,2.75
1269,Jacque Torres,U.S.A.,2.0
1270,Jean Marie Auboine,U.S.A.,3.25
1271,Johnny Iuzzini,U.S.A.,3.5
1272,Johnny Iuzzini,U.S.A.,3.0
1277,Johnny Iuzzini,U.S.A.,3.75
1279,Johnny Iuzzini,U.S.A.,3.25
1281,Jordis,Czech Republic,2.75
1283,Kad Kokoa,Thailand,3.5
1284,Kad Kokoa,Thailand,3.0
1286,Kad Kokoa,Thailand,3.75
1287,Kah Kow,Dominican Republic,3.5
1288,Kah Kow,Dominican Republic,3.0
1289,Kah Kow,Dominican Republic,3.25
1291,Kah Kow,U.S.A.,3.75
1294,Kah Kow,U.S.A.,3.25
1295,Kah Kow - USA,Dominican Republic,3.5
1296,Kah Kow - USA,Dominican Republic,3.0
1297,Kah Kow - USA,Dominican Republic,3.75
1298,Kah Kow - USA,U.S.A.,3.0
1299,Kah Kow - USA,U.S.A.,3.75
1300,Kah Kow - USA,U.S.A.,3.5
1301,Kah Kow - USA,U.S.A.,4.0
1303,Kaitxo,Spain,3.25
1304,Kaitxo,Spain,3.0
1306,Kakao,Germany,3.75
1307,Kakao,Germany,2.5
1308,Kallari (Ecuatoriana),Ecuador,3.0
1309,Kallari (Ecuatoriana),Ecuador,3.5
1310,Kallari (Ecuatoriana),Ecuador,2.75
1311,Kallari (Ecuatoriana),Ecuador,2.5
1316,Kaoka (Cemoi),France,2.75
1318,Kasama,Canada,3.25
1319,Kasama,Canada,3.5
1320,Kerchner,U.S.A.,3.75
1321,Ki' Xocolatl,Mexico,2.0
1322,Kin + Pod,Canada,3.25
1323,Kiskadee,U.S.A.,3.0
1324,Krak,Netherlands,3.0
1326,Krak,Netherlands,3.25
1327,Krak,Netherlands,3.75
1332,Kto,U.S.A.,2.5
1333,Kto,U.S.A.,2.75
1334,Kto,U.S.A.,3.0
1335,Kto,U.S.A.,3.25
1339,K'ul,U.S.A.,3.25
1340,K'ul,U.S.A.,2.75
1341,K'ul,U.S.A.,3.75
1343,Kyya,U.S.A.,2.5
1344,Kyya,U.S.A.,3.0
1347,L.A. Burdick (Felchlin),U.S.A.,3.5
1348,L.A. Burdick (Felchlin),U.S.A.,3.0
1349,L.A. Burdick (Felchlin),U.S.A.,3.25
1350,L.A. Burdick (Felchlin),U.S.A.,3.75
1354,L.A. Burdick (Felchlin),U.S.A.,4.0
1356,La Cascade du Chocolat,U.S.A.,3.0
1357,La Chocolaterie Nanairo,Japan,2.25
1358,La Chocolaterie Nanairo,Japan,2.5
1359,La Chocolaterie Nanairo,Japan,3.0
1361,La Chorena,U.S.A.,3.0
1363,La Chorena,U.S.A.,3.25
1365,La Feverie (Hasnaa),France,3.5
1368,La Maison du Chocolat (Valrhona),France,3.5
1369,La Maison du Chocolat (Valrhona),France,3.25
1371,La Maison du Chocolat (Valrhona),France,3.0
1372,La Maison du Chocolat (Valrhona),France,3.75
1375,La Maison du Chocolat (Valrhona),France,2.75
1378,La Oroquidea,Peru,2.5
1379,La Pepa de Oro,Ecuador,3.25
1380,La Rifa,Mexico,3.5
1381,La Rifa,Mexico,3.0
1383,Laia aka Chat-Noir,France,2.75
1387,Laia aka Chat-Noir,France,3.0
1388,Laia aka Chat-Noir,France,3.25
1390,Laia aka Chat-Noir,France,3.5
1392,Laia aka Chat-Noir,France,3.75
1393,Lajedo do Ouro,Brazil,3.5
1394,Lake Champlain (Callebaut),U.S.A.,2.5
1395,L'Amourette,U.S.A.,3.0
1398,L'Amourette,U.S.A.,3.5
1399,Land,U.K.,3.0
1400,Land,U.K.,3.25
1401,Land,U.K.,3.5
1402,Landmark (Amano),U.S.A.,3.75
1403,Legast,Belgium,3.25
1404,Legast,Belgium,2.75
1405,Legast,Belgium,3.5
1406,Letterpress,U.S.A.,3.5
1407,Letterpress,U.S.A.,3.25
1409,Letterpress,U.S.A.,3.0
1415,Letterpress,U.S.A.,4.0
1416,Letterpress,U.S.A.,3.75
1421,Levy,Finland,3.5
1422,Lilla,Finland,3.0
1423,Lillie Belle,U.S.A.,3.5
1425,Lillie Belle,U.S.A.,3.75
1426,Lillie Belle,U.S.A.,2.75
1427,Lillie Belle,U.S.A.,3.0
1429,Lindt & Sprungli,Switzerland,3.0
1430,Lirio,U.S.A.,2.5
1431,Lirio,U.S.A.,3.0
1433,Loiza,Puerto Rico,2.5
1434,Lonohana,U.S.A.,3.0
1436,Lonohana,U.S.A.,3.5
1437,Lonohana,U.S.A.,3.75
1438,Lonohana,U.S.A.,3.25
1440,Loon,U.S.A.,3.0
1441,Loon,U.S.A.,2.75
1442,Love Bar,U.S.A.,2.0
1443,Love Brown,Taiwan,2.5
1444,Love Brown,Taiwan,3.0
1445,Love Brown,Taiwan,3.25
1446,Love Brown,Taiwan,3.5
1447,Luisa Abram,Brazil,3.25
1448,Luisa Abram,Brazil,3.0
1450,Luisa's Vegan,U.K.,3.25
1451,Luker,Colombia,2.75
1452,Luker,Colombia,3.0
1454,Luker,Colombia,3.5
1455,Lumineux,U.S.A.,3.25
1457,Lumineux,U.S.A.,3.0
1459,Lumineux,U.S.A.,3.5
1460,Machu Picchu Trading Co.,Peru,2.25
1461,Machu Picchu Trading Co.,Peru,1.5
1462,MaDe Atlantic City Chocolate Bar,U.S.A.,2.5
1463,MaDe Atlantic City Chocolate Bar,U.S.A.,2.75
1464,Madecasse (Cinagra),Madagascar,3.5
1465,Madecasse (Cinagra),Madagascar,3.75
1466,Madecasse (Cinagra),Madagascar,4.0
1468,Madhu,U.S.A.,2.5
1469,Madre,U.S.A.,2.75
1470,Madre,U.S.A.,2.5
1472,Madre,U.S.A.,3.25
1474,Madre,U.S.A.,3.5
1480,Maglio,Italy,2.0
1481,Maglio,Italy,3.0
1482,Maglio,Italy,3.25
1483,Maglio,Italy,3.75
1484,Majani,Italy,2.0
1485,Malagasy (Chocolaterie Robert),Madagascar,2.75
1486,Malagasy (Chocolaterie Robert),Madagascar,3.5
1487,Malagos,Philippines,3.5
1488,Malai,Thailand,2.75
1489,Malie Kai (Guittard),U.S.A.,2.75
1490,Malie Kai (Guittard),U.S.A.,3.5
1491,Malmo,Sweden,3.0
1492,Mana,U.S.A.,3.75
1493,Mana,U.S.A.,2.5
1494,Mana,U.S.A.,2.75
1496,Manifesto Cacao,Colombia,2.75
1497,Manoa,U.S.A.,3.25
1498,Manoa,U.S.A.,2.75
1499,Manoa,U.S.A.,3.0
1501,Manoa,U.S.A.,3.75
1502,Manoa,U.S.A.,3.5
1506,Manufaktura Czekolady,Poland,3.25
1507,Manufaktura Czekolady,Poland,3.5
1509,Manufaktura Czekolady,Poland,3.75
1513,Map Chocolate,U.S.A.,3.5
1516,Map Chocolate,U.S.A.,2.75
1520,Map Chocolate,U.S.A.,3.0
1522,Map Chocolate,U.S.A.,3.25
1527,Marana,Peru,2.75
1528,Marana,Peru,3.25
1529,Marana,Peru,3.5
1530,Maribea,U.S.A.,2.75
1532,Maribea,U.S.A.,3.25
1533,Marigold's Finest,Canada,3.25
1534,Markham & Fitz,U.S.A.,2.75
1535,Marou,Vietnam,3.5
1539,Marou,Vietnam,3.0
1542,Marou,Vietnam,3.25
1544,Marou,Vietnam,3.75
1546,Mars,U.S.A.,3.0
1548,Mars,U.S.A.,3.25
1549,Mars,U.S.A.,3.5
1550,Marsatta,U.S.A.,2.25
1551,Marsatta,U.S.A.,2.5
1552,Martin Mayer,Austria,2.75
1553,Martin Mayer,Austria,3.0
1554,Martin Mayer,Austria,3.25
1555,Mast Brothers,U.S.A.,2.75
1556,Mast Brothers,U.S.A.,3.0
1557,Mast Brothers,U.S.A.,3.25
1558,Mast Brothers,U.S.A.,3.5
1566,Mast Brothers,U.S.A.,3.75
1568,Mast Brothers,U.S.A.,2.5
1573,Matale,Australia,3.5
1574,Matale,Australia,4.0
1576,Matale,Australia,3.75
1577,Maui Kuia,U.S.A.,3.5
1578,Maverick,U.S.A.,3.25
1581,Maverick,U.S.A.,3.5
1582,Maverick,U.S.A.,3.0
1585,Mayacama,U.S.A.,3.0
1586,McGuire,Canada,2.5
1587,McGuire,Canada,3.25
1588,Meadowlands,U.S.A.,2.5
1589,Meadowlands,U.S.A.,2.75
1590,Meadowlands,U.S.A.,3.0
1592,Meadowlands,U.S.A.,3.5
1593,Mellow,Denmark,2.5
1594,Mellow,Denmark,2.75
1595,Mellow,Denmark,3.25
1597,Menakao (aka Cinagra),Madagascar,2.5
1599,Mesjokke,Netherlands,2.5
1600,Mesocacao,Honduras,3.25
1601,Mesocacao,Honduras,3.5
1604,Mesocacao,Honduras,2.75
1605,Mesocacao,Honduras,3.0
1606,Mestico,Brazil,2.5
1607,Metiisto,Sweden,3.0
1608,Metiisto,Sweden,3.5
1609,Metiisto,Australia,3.25
1610,Metiisto,Australia,3.75
1611,Metropolitan,Netherlands,3.5
1612,Meybol,Germany,3.5
1613,Meybol,Germany,3.0
1614,Michel Cluizel,France,2.0
1616,Michel Cluizel,France,3.0
1617,Michel Cluizel,France,3.75
1621,Michel Cluizel,France,3.5
1624,Michel Cluizel,France,3.25
1627,Middlebury,U.S.A.,1.5
1628,Middlebury,U.S.A.,2.0
1629,Middlebury,U.S.A.,2.5
1631,Middlebury,U.S.A.,3.25
1632,Middlebury,U.S.A.,3.5
1634,Middlebury,U.S.A.,3.75
1638,Mike & Becky,Belgium,3.0
1639,Mike & Becky,Belgium,3.25
1640,Mike & Becky,Belgium,3.5
1642,Millcreek Cacao Roasters,U.S.A.,3.5
1643,Millcreek Cacao Roasters,U.S.A.,2.5
1644,Millesime,Belgium,3.0
1647,Millesime,Belgium,2.75
1650,Milton,Japan,3.5
1651,Milton,Japan,3.0
1652,Milton,Japan,3.25
1653,Milton,Japan,3.75
1654,Mindo,U.S.A.,2.75
1656,Minimal,Japan,3.5
1657,Mirzam,U.A.E.,3.0
1658,Mirzam,U.A.E.,3.25
1659,Mirzam,U.A.E.,3.5
1661,Mirzam,U.A.E.,3.75
1662,Misina,Czech Republic,3.5
1663,Mission,Brazil,3.5
1664,Mission,Brazil,3.75
1665,Mission,Brazil,3.0
1666,Mita,Colombia,2.5
1667,Moho,U.S.A.,2.75
1668,Moho,U.S.A.,3.25
1669,Moho,U.S.A.,3.0
1670,Moka Origins,U.S.A.,3.0
1671,Moka Origins,U.S.A.,2.5
1672,Moka Origins,U.S.A.,3.5
1674,Moka Origins,U.S.A.,3.75
1675,Moku,U.S.A.,2.75
1676,Moku,U.S.A.,3.25
1677,Molucca,U.S.A.,3.0
1678,Molucca,U.S.A.,2.75
1679,Molucca,U.S.A.,3.25
1680,Momotombo,Nicaragua,2.75
1682,Momotombo,Nicaragua,3.25
1683,Monarque,Canada,3.5
1685,Monsieur Truffe,Australia,3.25
1686,Monsoon,U.S.A.,3.25
1687,Monsoon,U.S.A.,3.75
1688,Monsoon,U.S.A.,3.5
1689,Montecristi,Ecuador,3.25
1690,Montecristi,Ecuador,3.5
1692,MUCHO,Mexico,3.0
1693,Muchomas (Mesocacao),U.S.A.,3.5
1695,Musee du Chocolat Theobroma,Japan,3.5
1696,Mutari,U.S.A.,2.75
1699,Mutari,U.S.A.,3.0
1700,Nahua,Costa Rica,2.5
1701,Nahua,Costa Rica,3.0
1702,Naive,Lithuania,2.5
1703,Naive,Lithuania,3.75
1705,Naive,Lithuania,3.25
1706,Naive,Lithuania,2.75
1707,Naive,Lithuania,3.0
1710,Nanea,U.S.A.,3.5
1711,Nathan Miller,U.S.A.,2.25
1712,Nathan Miller,U.S.A.,2.5
1714,Nathan Miller,U.S.A.,3.5
1715,Nearynogs,Ireland,3.25
1716,Neuhaus (Callebaut),Belgium,2.0
1717,Neuhaus (Callebaut),Belgium,2.75
1718,Neuhaus (Callebaut),Belgium,3.0
1719,Neuhaus (Callebaut),Belgium,1.0
1720,Neuhaus (Callebaut),Belgium,3.75
1721,Neuhaus (Callebaut),Belgium,2.5
1722,Nibble,U.S.A.,2.25
1723,Nibble,U.S.A.,2.75
1724,Nibble,U.S.A.,3.0
1727,Nicolas,Brazil,3.25
1728,Nicolas,Brazil,3.0
1729,Night Owl,U.S.A.,2.75
1730,Night Owl,U.S.A.,3.5
1731,Nikoa,Ecuador,3.75
1732,Nina,Peru,3.0
1733,Ninth (9th) & Larkin,U.S.A.,3.0
1734,Ninth (9th) & Larkin,U.S.A.,2.75
1737,Ninth (9th) & Larkin,U.S.A.,3.25
1738,Noble Bean aka Jerjobo,U.S.A.,3.0
1740,Noble Bean aka Jerjobo,U.S.A.,3.25
1741,Noir d' Ebine,U.S.A.,3.0
1743,Nostalgia,U.S.A.,3.5
1744,Nostalgia,U.S.A.,3.25
1745,Nostalgia,U.S.A.,3.75
1746,Nostalgia,U.S.A.,3.0
1749,Nova Monda,Nicaragua,3.0
1750,Nova Monda,Nicaragua,2.75
1751,Nova Monda,Nicaragua,3.25
1752,Nuance,U.S.A.,3.75
1753,Nuance,U.S.A.,2.75
1754,Nuance,U.S.A.,3.0
1755,Nuance,U.S.A.,3.5
1758,Nuance,U.S.A.,3.25
1759,Nugali,Brazil,3.5
1760,Oakland Chocolate Co.,U.S.A.,2.5
1761,Obolo,Chile,3.75
1763,Ocelot,Scotland,3.75
1764,Ocelot,Scotland,4.0
1765,Ocho,New Zealand,2.75
1766,Ocho,New Zealand,3.0
1767,Ocho,New Zealand,3.25
1768,Ocho,New Zealand,3.5
1771,Odyssey,U.S.A.,3.0
1773,Odyssey,U.S.A.,3.25
1775,Odyssey,U.S.A.,3.75
1783,Odyssey,U.S.A.,3.5
1784,Ohiyo,U.S.A.,2.75
1785,Ohiyo,U.S.A.,3.0
1786,Oialla by Bojessen (Malmo),Germany,3.5
1787,Oialla by Bojessen (Malmo),Germany,3.75
1788,Olive and Sinclair,U.S.A.,2.75
1789,Olive and Sinclair,U.S.A.,3.0
1792,Olivia,Canada,2.0
1793,Olivia,Canada,2.75
1795,Olivia,Canada,3.0
1796,Omanhene,Ghana,2.75
1797,Omnom,Iceland,3.0
1798,Omnom,Iceland,3.5
1799,Omnom,Iceland,3.75
1801,Or Dubh,U.S.A.,3.25
1803,Or Dubh,U.S.A.,3.5
1804,Orfeve,Switzerland,3.25
1805,Orfeve,Switzerland,3.5
1806,Orfeve,Switzerland,2.75
1808,organicfair,Canada,2.75
1811,organicfair,Canada,3.0
1813,organicfair,South Africa,3.0
1814,Original Beans (Felchlin),Switzerland,3.0
1816,Original Beans (Felchlin),Switzerland,3.25
1817,Original Beans (Felchlin),Switzerland,3.75
1818,Original Beans (Felchlin),Switzerland,2.75
1820,Original Hawaiin Chocolate Factory,U.S.A.,3.0
1822,Orquidea,Peru,3.0
1824,Pacari,Ecuador,2.75
1825,Pacari,Ecuador,3.0
1827,Pacari,Ecuador,2.0
1828,Pacari,Ecuador,3.5
1831,Pacari,Ecuador,4.0
1832,Pacari,Ecuador,3.25
1834,Pacari,Ecuador,3.75
1837,Palet D'Or,Japan,3.5
1838,Palet D'Or,Japan,3.25
1839,Palet D'Or,Japan,3.75
1840,Palette de Bine,Canada,2.75
1841,Palette de Bine,Canada,3.75
1843,Palette de Bine,Canada,3.5
1845,Palette de Bine,Canada,3.25
1850,Palette de Bine,Canada,3.0
1855,Pangea,Spain,3.0
1856,Pangea,Spain,3.25
1859,Pangea,Spain,3.5
1860,Pangea,Spain,2.75
1862,Park 75,U.S.A.,3.5
1863,Parliament,U.S.A.,3.0
1864,Parliament,U.S.A.,3.5
1866,Parliament,U.S.A.,3.25
1867,Parre Chocolat,U.S.A.,2.75
1869,Parre Chocolat,U.S.A.,3.0
1870,Pascha,Peru,2.5
1871,Pascha,Peru,2.75
1872,Patric,U.S.A.,4.0
1874,Patric,U.S.A.,3.5
1876,Patric,U.S.A.,3.75
1878,Paul Young,U.K.,2.25
1879,Paul Young,U.K.,2.75
1880,Peppalo,U.S.A.,3.0
1881,Perrenial,U.S.A.,3.0
1882,Petite Patrie,Canada,3.25
1883,Pierre Marcolini,Belgium,4.0
1884,Pierre Marcolini,Belgium,3.0
1885,Pierre Marcolini,Belgium,3.75
1889,Pierre Marcolini,Belgium,3.5
1893,Pierre Marcolini,Belgium,3.25
1900,Piety and Desire,U.S.A.,3.0
1901,Piety and Desire,U.S.A.,3.5
1903,Pinellas,U.S.A.,2.5
1904,Pitch Dark,U.S.A.,3.25
1905,Pitch Dark,U.S.A.,2.5
1907,Pitch Dark,U.S.A.,3.5
1909,Pitch Dark,U.S.A.,2.75
1913,Pollinator,U.S.A.,3.0
1915,Pollinator,U.S.A.,3.25
1916,Pomm (aka Dead Dog),U.S.A.,2.5
1917,Pomm (aka Dead Dog),U.S.A.,2.75
1918,Poppy and Peep,U.S.A.,2.75
1919,Poppy and Peep,U.S.A.,3.0
1921,Potomac,U.S.A.,3.75
1922,Potomac,U.S.A.,3.5
1923,Potomac,U.S.A.,3.0
1924,Potomac,U.S.A.,2.75
1928,Potomac,U.S.A.,4.0
1931,Pralus,France,3.75
1932,Pralus,France,3.0
1936,Pralus,France,3.5
1938,Pralus,France,4.0
1940,Pralus,France,2.0
1944,Pralus,France,3.25
1956,Primo Botanica,U.S.A.,3.25
1958,Public Chocolatory,South Korea,2.75
1959,Pump Street Bakery,U.K.,2.75
1960,Pump Street Bakery,U.K.,3.0
1961,Pump Street Bakery,U.K.,3.25
1963,Pump Street Bakery,U.K.,3.5
1967,Pump Street Bakery,U.K.,3.75
1969,Pura Delizia,Italy,2.75
1970,Pura Delizia,Italy,3.5
1971,Pura Delizia,Italy,3.25
1974,Pura Delizia,Italy,3.75
1975,Q Chocolate,Brazil,3.0
1976,Q Chocolate,Brazil,3.25
1978,Q Chocolate,Brazil,3.5
1979,Q Chocolate,Brazil,2.75
1981,Qantu,Canada,3.0
1982,Qantu,Canada,3.75
1983,Qantu,Canada,3.5
1984,Qantu,Canada,4.0
1986,Quetzalli (Wolter),Mexico,2.75
1987,Quetzalli (Wolter),Mexico,3.0
1988,Raaka,U.S.A.,3.5
1989,Raaka,U.S.A.,3.25
1990,Raaka,U.S.A.,2.75
1991,Raaka,U.S.A.,3.0
1994,Rain Republic,Guatemala,2.75
1995,Rancho San Jacinto,Ecuador,3.0
1996,Ranger,U.S.A.,2.5
1997,Ranger,U.S.A.,3.25
1998,Ranger,U.S.A.,3.5
2000,Raoul Boulanger,France,3.25
2001,Raphio,U.S.A.,3.75
2003,Raphio,U.S.A.,3.5
2007,Raw Cocoa,Poland,2.5
2008,Republica del Cacao (aka Confecta),Ecuador,3.0
2009,Republica del Cacao (aka Confecta),Ecuador,3.5
2010,Republica del Cacao (aka Confecta),Ecuador,3.75
2011,Republica del Cacao (aka Confecta),Ecuador,2.5
2012,Republica del Cacao (aka Confecta),Ecuador,3.25
2013,Ritual,U.S.A.,3.5
2014,Ritual,U.S.A.,4.0
2015,Ritual,U.S.A.,3.25
2017,Ritual,U.S.A.,3.75
2018,Ritual,U.S.A.,3.0
2026,River-Sea,U.S.A.,3.0
2027,River-Sea,U.S.A.,2.5
2029,Roasting Masters,South Korea,3.25
2032,Robert (aka Chocolaterie Robert),Madagascar,3.25
2034,Rococo (Grenada Chocolate Co.),U.K.,3.5
2035,Rogue,U.S.A.,2.75
2037,Rogue,U.S.A.,3.0
2039,Rogue,U.S.A.,3.5
2040,Rogue,U.S.A.,3.75
2045,Rogue,U.S.A.,4.0
2049,Rogue,U.S.A.,3.25
2051,Rozsavolgyi,Hungary,3.5
2052,Rozsavolgyi,Hungary,2.5
2054,Rozsavolgyi,Hungary,2.75
2056,Rozsavolgyi,Hungary,2.25
2058,Rozsavolgyi,Hungary,3.75
2060,Ruket,Italy,2.75
2061,Ruket,Italy,3.0
2062,Ruket,Italy,3.5
2065,S.A.I.D.,Italy,3.5
2066,S.A.I.D.,Italy,1.5
2067,S.A.I.D.,Italy,3.0
2070,Sacred,U.S.A.,2.75
2071,Sacred,U.S.A.,3.25
2072,Salgado,Argentina,3.5
2076,San Jose,Ecuador,3.25
2077,Santander (Compania Nacional),Colombia,2.0
2078,Santander (Compania Nacional),Colombia,3.0
2079,Santander (Compania Nacional),Colombia,3.75
2080,Santander (Compania Nacional),Colombia,2.75
2082,Santome,France,2.75
2083,Scharffen Berger,U.S.A.,2.0
2084,Scharffen Berger,U.S.A.,3.5
2087,Scharffen Berger,U.S.A.,3.0
2090,Scharffen Berger,U.S.A.,3.75
2094,Scharffen Berger,U.S.A.,4.0
2100,Seaforth,U.K.,2.75
2102,Seahorse,U.S.A.,2.75
2103,Seahorse,U.S.A.,3.25
2104,Seahorse,U.S.A.,3.0
2106,Seahorse,U.S.A.,3.5
2111,Shane Chocolate Works,U.S.A.,3.5
2112,Shane Chocolate Works,U.S.A.,3.0
2114,Shark Mountain,U.S.A.,3.0
2115,Shark Mountain,U.S.A.,3.25
2117,Shark Mountain,U.S.A.,3.5
2118,Shark Mountain,U.S.A.,2.75
2120,Shark's,U.S.A.,2.0
2121,Shark's,U.S.A.,2.5
2122,Shattell,Peru,3.5
2123,Shattell,Peru,3.25
2124,Sibu,Costa Rica,3.25
2125,Sibu,Costa Rica,3.5
2126,Sibu Sura,U.S.A.,2.5
2127,Sierra Sagrada,Colombia,3.5
2128,Silvio Bessone,Italy,3.0
2129,Silvio Bessone,Italy,3.25
2132,Sirene,Canada,3.75
2135,Sirene,Canada,3.0
2138,Sirene,Canada,3.25
2140,Sirene,Canada,3.5
2146,Sjolinds,U.S.A.,2.75
2147,Sjolinds,U.S.A.,3.0
2148,"Smooth Chocolator, The",Australia,3.25
2149,"Smooth Chocolator, The",Australia,3.5
2150,"Smooth Chocolator, The",Australia,3.75
2152,"Smooth Chocolator, The",Australia,4.0
2153,"Smooth Chocolator, The",Australia,2.75
2155,"Smooth Chocolator, The",Australia,3.0
2165,Snake & Butterfly,U.S.A.,3.0
2166,Snake & Butterfly,U.S.A.,3.25
2167,Snake & Butterfly,U.S.A.,1.5
2168,Soeka,Netherlands,3.25
2169,Soklet,India,2.75
2170,Sol Cacao,U.S.A.,3.0
2171,Sol Cacao,U.S.A.,3.5
2172,Solkiki,U.K.,2.75
2174,Solkiki,U.K.,2.5
2175,Solomons Gold,New Zealand,3.25
2177,Solstice,U.S.A.,3.0
2179,Solstice,U.S.A.,3.25
2181,Solstice,U.S.A.,3.5
2186,Soma,Canada,3.0
2187,Soma,Canada,3.5
2190,Soma,Canada,3.75
2193,Soma,Canada,2.75
2195,Soma,Canada,4.0
2199,Soma,Canada,3.25
2243,Somerville,U.S.A.,3.25
2244,Somerville,U.S.A.,3.5
2245,Soul,Canada,3.25
2248,Soul,Canada,3.5
2251,Spagnvola,U.S.A.,3.0
2253,Spagnvola,U.S.A.,3.25
2254,Spencer,Australia,2.75
2255,Spencer,Australia,3.5
2256,Spencer,Australia,3.75
2258,Spencer,U.S.A.,2.75
2259,Spencer,U.S.A.,3.5
2260,Spencer,U.S.A.,3.75
2261,Spinnaker,U.S.A.,3.25
2262,Spinnaker,U.S.A.,3.5
2264,Sprungli (Felchlin),Switzerland,3.0
2265,SRSLY,U.S.A.,3.0
2266,SRSLY,U.S.A.,2.25
2267,Standout,Sweden,3.25
2268,Standout,Sweden,3.5
2270,Starchild,U.S.A.,3.0
2275,Stella (aka Bernrain),Switzerland,3.25
2276,Stella (aka Bernrain),Switzerland,2.75
2277,Stone Grindz,U.S.A.,3.5
2279,Stone Grindz,U.S.A.,2.5
2280,StRita Supreme,U.S.A.,2.5
2282,StRita Supreme,U.S.A.,2.75
2283,Sublime Origins,U.S.A.,2.75
2284,Sublime Origins,U.S.A.,3.25
2285,Summerbird,Denmark,2.5
2286,Summerbird,Denmark,3.0
2287,Suruca Chocolate,Venezuela,2.75
2288,Suruca Chocolate,Venezuela,3.0
2289,Svenska Kakaobolaget,Sweden,2.75
2291,sweet beans,U.S.A.,3.0
2293,sweet beans,U.S.A.,3.5
2294,sweet beans,U.S.A.,3.75
2295,Sweet Escalier,Japan,3.25
2296,Sweet Escalier,Japan,2.75
2297,Sweet Escalier,Japan,3.0
2298,Sweet Escalier,Japan,2.5
2300,Sweetness,Canada,3.25
2301,Sweetness,Canada,3.0
2303,Szanto Tibor,Hungary,3.0
2304,Szanto Tibor,Hungary,3.25
2306,Szanto Tibor,Hungary,3.75
2307,Szanto Tibor,Hungary,3.5
2318,Tabal,U.S.A.,2.75
2320,Tabal,U.S.A.,2.5
2321,Tabal,U.S.A.,3.0
2322,Tablette (aka Vanillabeans),Japan,3.0
2323,Tablette (aka Vanillabeans),Japan,3.25
2325,Tablette (aka Vanillabeans),Japan,2.75
2326,Tala,Vietnam,2.75
2327,Tala,Vietnam,3.0
2328,Tan Ban Skrati,Suriname,3.25
2329,Taste Artisan,U.S.A.,3.0
2330,Taste Artisan,U.S.A.,3.25
2331,Taste Artisan,U.S.A.,4.0
2332,Taste Artisan aka Coleman and Davis,U.S.A.,3.0
2333,Taucherli,Switzerland,3.0
2334,Taucherli,Switzerland,3.25
2335,Taylor Made,U.S.A.,2.75
2336,Taza,U.S.A.,3.0
2337,Taza,U.S.A.,2.75
2338,Taza,U.S.A.,3.25
2340,TCHO,U.S.A.,2.5
2342,TCHO,U.S.A.,2.75
2345,TCHO,U.S.A.,3.0
2346,TCHO,U.S.A.,3.25
2347,TCHO,U.S.A.,2.0
2348,Tejas,U.S.A.,2.75
2349,Tejas,U.S.A.,3.0
2351,Tejas,U.S.A.,3.5
2352,Tejas,U.S.A.,3.25
2353,Tejas,U.S.A.,2.0
2362,Terroir,U.S.A.,3.25
2363,Terroir,U.S.A.,3.75
2365,Terroir,U.S.A.,2.75
2369,Terroir,U.S.A.,3.5
2371,Terroir,U.S.A.,3.0
2374,The Barn,Sweden,3.0
2375,Theo,U.S.A.,3.5
2376,Theo,U.S.A.,2.5
2377,Theo,U.S.A.,3.0
2378,Theo,U.S.A.,2.0
2380,Theo,U.S.A.,3.25
2381,Theobroma,Japan,3.25
2382,Thistle & Rose aka Aggie USU,U.S.A.,3.5
2383,Tibito,Colombia,3.0
2384,Tibito,Colombia,3.25
2385,Timo A. Meyer,Germany,3.75
2386,Tiny House,U.S.A.,2.75
2387,To'ak,Ecuador,3.25
2388,To'ak (Ecuatoriana),Ecuador,3.25
2389,Tobago Estate (Pralus),France,4.0
2390,Tocoti,U.S.A.,2.75
2391,Tocoti,U.S.A.,3.0
2393,Tosier,U.K.,3.0
2394,Tosier,U.K.,3.5
2395,Tosier,U.K.,2.75
2397,Tree to Bar,South Korea,3.5
2398,Treehouse,U.S.A.,3.0
2399,Treehouse aka Indaphoria,U.S.A.,3.25
2400,Treehouse aka Indaphoria,U.S.A.,2.75
2401,Triangle Roasters,U.S.A.,3.25
2403,Triangle Roasters,U.S.A.,3.75
2405,Tribar,Peru,3.0
2406,Tribar,Peru,3.5
2407,Tribe,Canada,3.0
2408,Tribe,Canada,2.75
2410,Tsara (Cinagra),Madagascar,3.5
2411,twenty-four blackbirds,U.S.A.,2.75
2412,twenty-four blackbirds,U.S.A.,3.25
2413,twenty-four blackbirds,U.S.A.,2.5
2414,twenty-four blackbirds,U.S.A.,3.5
2418,Two Ravens,U.S.A.,3.0
2419,Un Dimanche A Paris,France,3.75
2420,Uncouth,Canada,2.75
2421,Uncouth,Canada,3.0
2422,Uncouth,Canada,3.25
2423,Undone,U.S.A.,2.75
2424,Undone,U.S.A.,3.0
2425,Upchurch,U.S.A.,3.0
2426,Upchurch,U.S.A.,3.25
2427,Urzi,Italy,3.25
2428,Utopick,Spain,3.75
2430,Vaka,Canada,3.5
2431,Valrhona,France,3.0
2432,Valrhona,France,3.75
2433,Valrhona,France,2.5
2435,Valrhona,France,3.5
2438,Valrhona,France,4.0
2439,Valrhona,France,1.5
2441,Valrhona,France,2.75
2442,Valrhona,France,3.25
2453,Vanleer (Barry Callebaut),U.S.A.,2.5
2454,Vanleer (Barry Callebaut),U.S.A.,2.75
2455,Vao Vao (Chocolaterie Robert),Madagascar,2.75
2458,Vao Vao (Chocolaterie Robert),Madagascar,3.0
2460,Vao Vao (Chocolaterie Robert),Madagascar,3.25
2461,Vesta,U.S.A.,3.5
2462,Vicuna,U.S.A.,3.25
2464,Vicuna,U.S.A.,2.75
2465,Vicuna,U.S.A.,3.0
2467,Videri,U.S.A.,3.25
2468,Videri,U.S.A.,3.75
2470,Videri,U.S.A.,3.5
2472,Videri,U.S.A.,2.75
2473,Videri,U.S.A.,3.0
2476,Vietcacao (A. Morin),France,3.5
2477,Vintage Plantations,U.S.A.,3.0
2478,Vintage Plantations (Tulicorp),U.S.A.,2.0
2480,Vintage Plantations (Tulicorp),U.S.A.,3.0
2482,Violet Sky,U.S.A.,2.75
2483,Violet Sky,U.S.A.,3.0
2485,Violet Sky,U.S.A.,3.25
2487,Vivra,U.S.A.,2.5
2489,Vivra,U.S.A.,3.0
2492,Wellington Chocolate Factory,New Zealand,3.5
2494,Wellington Chocolate Factory,New Zealand,3.0
2495,White Label aka Mutari,U.S.A.,3.0
2497,White Label aka Mutari,U.S.A.,3.75
2499,White Label aka Mutari,U.S.A.,3.5
2501,White Label aka Mutari,U.S.A.,4.0
2505,Whittakers,New Zealand,2.5
2506,Wilkie's Organic,Ireland,2.5
2507,Wilkie's Organic,Ireland,2.75
2508,Wilkie's Organic,Ireland,3.25
2510,Willie's Cacao,U.K.,3.0
2511,Willie's Cacao,U.K.,3.25
2513,Willie's Cacao,U.K.,3.5
2514,Willie's Cacao,U.K.,3.75
2515,Willie's Cacao,U.K.,2.25
2517,Willie's Cacao,U.K.,4.0
2518,Wm,U.S.A.,3.0
2519,Wm,U.S.A.,3.5
2520,Wm,U.S.A.,3.75
2522,Wm,U.S.A.,3.25
2524,Woodblock,U.S.A.,4.0
2525,Woodblock,U.S.A.,3.5
2526,Woodblock,U.S.A.,2.5
2527,Woodblock,U.S.A.,3.0
2528,Woodblock,U.S.A.,3.25
2533,Xocolat,Dominican Republic,3.0
2534,Xocolatisimo,El Salvador,2.75
2535,Xocolatisimo,El Salvador,3.25
2536,Xocolatisimo,El Salvador,3.0
2537,Xocolatl,U.S.A.,3.5
2538,Xocolatl,U.S.A.,3.25
2540,Xocolla,U.S.A.,2.5
2541,Xocolla,U.S.A.,2.75
2542,Zac Squared,U.S.A.,3.25
2543,Zac Squared,U.S.A.,3.5
2545,Zacharias,U.S.A.,3.0
2546,Zak's,U.S.A.,3.0
2547,Zak's,U.S.A.,3.25
2550,Zak's,U.S.A.,3.5
2552,Zart Pralinen,Austria,3.5
2553,Zart Pralinen,Austria,2.75
2555,Zart Pralinen,Austria,3.0
2558,Zokoko,Australia,3.5
2560,Zokoko,Australia,3.75
2562,Zokoko,Australia,3.25
2563,Zoto (Chocolatoa),Belgium,3.0
2564,Zoto (Chocolatoa),Belgium,3.75
2565,Zoto (Chocolatoa),Belgium,3.25
2567,Zotter,Austria,3.0
2568,Zotter,Austria,3.75
2570,Zotter,Austria,3.5
2571,Zotter,Austria,3.25
2583,Zotter,Austria,2.75
