,rating,ingredients,company_location
0,3.25,"3- B,S,C",U.S.A.
1,3.75,"3- B,S,C",U.S.A.
2,3.5,"3- B,S,C",U.S.A.
3,3.0,"3- B,S,C",U.S.A.
7,3.5,"4- B,S,C,L",France
8,3.75,"4- B,S,C,L",France
9,2.75,"4- B,S,C,L",France
10,3.0,"4- B,S,C,L",France
11,3.25,"4- B,S,C,L",France
16,4.0,"4- B,S,C,L",France
19,4.0,"3- B,S,C",France
33,3.75,"3- B,S,C",France
34,3.5,"3- B,S,C",France
36,3.75,"2- B,S",U.S.A.
38,3.25,"2- B,S",U.S.A.
39,3.5,"2- B,S",U.S.A.
40,2.75,"3- B,S,C",Fiji
41,3.25,"3- B,S,C",Fiji
42,3.5,"3- B,S,C",Fiji
44,2.5,"2- B,S",Vanuatu
45,2.75,"2- B,S",Vanuatu
46,3.0,"2- B,S",Vanuatu
48,2.75,"4- B,S,C,V",Ecuador
49,3.0,"4- B,S,C,V",Ecuador
50,3.0,"3- B,S,C",Mexico
51,2.75,"4- B,S,C,L",U.K.
53,3.75,"4- B,S,C,L",U.K.
54,2.5,"5- B,S,C,V,L",France
56,2.75,"6- B,S,C,V,L,Sa",France
57,2.75,"5- B,S,C,V,Sa",France
58,3.0,"5- B,S,C,V,Sa",France
59,3.5,"6- B,S,C,V,L,Sa",France
60,3.5,"3- B,S,C",Netherlands
64,2.5,"4- B,S,C,L",U.S.A.
65,3.0,"4- B,S,C,L",U.S.A.
66,3.25,"4- B,S,C,L",U.S.A.
69,2.75,"3- B,S,C",U.S.A.
71,2.5,"3- B,S,C",U.S.A.
75,3.5,"4- B,S,C,V",U.S.A.
76,3.0,"4- B,S,C,V",U.S.A.
77,3.75,"4- B,S,C,V",U.S.A.
78,2.75,"4- B,S,C,V",U.S.A.
81,4.0,"4- B,S,C,V",U.S.A.
84,3.0,"2- B,S",Spain
85,2.75,"2- B,S",Spain
88,3.0,"3- B,S,C",Russia
89,3.5,"3- B,S,C",Russia
90,3.25,"3- B,S,C",Peru
91,3.5,"3- B,S,C",Peru
92,3.0,"4- B,S,C,L",Canada
93,3.25,"2- B,S",Canada
97,3.5,"2- B,S",Canada
98,3.75,"4- B,S,C,V",Italy
99,3.0,"4- B,S,C,V",Italy
101,3.5,"4- B,S,C,V",Italy
110,2.75,"3- B,S,C",Italy
111,2.75,"4- B,S,C,L",Brazil
112,3.75,"4- B,S,C,L",Brazil
114,4.0,"4- B,S,C,L",Brazil
115,3.25,"4- B,S,C,L",Brazil
116,3.0,"2- B,S",U.S.A.
120,3.0,"3- B,S,C",France
121,2.5,"3- B,S,C",France
122,2.75,"3- B,S,C",France
129,4.0,"2- B,S",U.S.A.
130,2.75,"2- B,S",U.S.A.
156,3.25,"2- B,S",Nicaragua
157,3.5,"2- B,S",Nicaragua
159,3.0,"2- B,S",Nicaragua
160,3.75,"3- B,S,C",U.K.
161,2.5,"3- B,S,C",U.K.
162,2.75,"3- B,S,C",U.K.
163,1.75,"3- B,S,C",U.K.
164,3.0,"3- B,S,C",U.K.
166,3.25,"3- B,S,C",U.K.
171,3.5,"3- B,S,C",U.K.
172,4.0,"3- B,S,C",U.K.
177,3.25,"4- B,S,C,L",Italy
179,3.5,"4- B,S,C,L",Italy
180,2.5,"2- B,S",U.S.A.
186,3.0,"4- B,S,C,L",Australia
187,2.75,"4- B,S,V,L",Philippines
188,3.0,"3- B,S,C",Philippines
190,3.5,"3- B,S,C",Philippines
191,2.5,"2- B,S",Canada
192,3.0,"2- B,S",Canada
193,3.0,"2- B,S",Australia
194,2.5,"2- B,S",Australia
196,3.25,"2- B,S",Australia
197,3.5,"2- B,S",Australia
198,3.0,"2- B,S",Brazil
199,2.75,"3- B,S,C",Peru
211,2.75,"4- B,S,C,V",Wales
216,2.25,"4- B,S,C,V",U.K.
223,2.75,"4- B,S,C,L",Belgium
226,3.5,"4- B,S,C,L",Belgium
230,3.25,"3- B,S,C",Vietnam
231,3.75,"3- B,S,C",Vietnam
232,2.75,"3- B,S,C",Germany
233,3.0,"3- B,S,C",Germany
234,3.5,"3- B,S,C",Germany
235,3.0,"4- B,S,C,L",Singapore
238,4.0,"3- B,S,C",Belgium
239,3.75,"3- B,S,C",Belgium
240,3.5,"3- B,S,C",Belgium
245,3.0,"4- B,S,C,L",Belgium
246,2.75,"5- B,S,C,V,L",France
247,3.25,"3- B,S,C",Switzerland
249,3.5,"3- B,S,C",Switzerland
251,3.0,"3- B,S,C",Switzerland
254,4.0,"3- B,S,C",Switzerland
257,2.5,"4- B,S,C,V",U.S.A.
258,3.25,"4- B,S,C,V",U.S.A.
259,3.5,"4- B,S,C,L",Venezuela
260,3.0,"4- B,S,C,L",Venezuela
283,3.75,"4- B,S,C,L",U.S.A.
287,2.75,"4- B,S,C,V",Spain
288,3.5,"4- B,S,C,V",Spain
296,2.5,"2- B,S",Malaysia
297,2.75,"2- B,S",Malaysia
298,3.25,"2- B,S",Malaysia
303,1.5,"3- B,S,C",France
319,3.25,"3- B,S,C",France
329,3.25,"2- B,S",Ecuador
330,1.5,"3- B,S,C",Ecuador
333,4.0,"3- B,S,C",U.S.A.
337,3.0,"5- B,S,C,V,L",U.S.A.
338,3.25,"5- B,S,C,V,L",U.S.A.
339,3.5,"5- B,S,C,V,L",U.S.A.
355,3.0,"3- B,S,C",Australia
356,3.5,"3- B,S,C",Australia
358,2.75,"3- B,S,C",Australia
359,3.25,"2- B,S",Russia
368,3.0,"2- B,S",South Korea
369,3.25,"2- B,S*",Taiwan
370,3.5,"2- B,S*",Taiwan
371,3.5,"4- B,S,C,L",Canada
372,3.75,"4- B,S,C,L",Canada
374,2.5,"2- B,S",Puerto Rico
377,2.25,"2- B,S",U.S.A.
379,2.0,"5- B,S,C,V,L",France
380,3.0,"5- B,S,C,V,L",France
383,3.5,"5- B,S,C,V,L",France
384,2.5,"2- B,S",Switzerland
385,3.75,"2- B,S",Switzerland
386,3.0,"2- B,S",Switzerland
387,2.5,"2- B,S",Venezuela
388,3.25,"2- B,S",Venezuela
389,3.5,"2- B,S",Venezuela
390,3.75,"2- B,S",Venezuela
394,2.75,"2- B,S",Venezuela
396,3.0,"2- B,S",Venezuela
398,3.5,"4- B,S,C,L",Colombia
400,2.75,"4- B,S,C,L",Colombia
401,3.25,"4- B,S,C,L",Colombia
402,3.75,"3- B,S,C",Colombia
405,3.5,"4- B,S,C,L",U.S.A.
410,4.0,"4- B,S,C,L",Spain
412,3.5,"4- B,S,C,L",Spain
413,3.75,"4- B,S,C,L",Spain
415,3.25,"4- B,S,C,L",Spain
422,3.0,"2- B,S",Japan
423,3.25,"2- B,S",Japan
424,3.5,"2- B,S",Japan
425,3.0,"3- B,S,C",South Korea
426,3.25,"3- B,S,C",South Korea
427,3.5,"3- B,S,C",South Korea
428,3.5,"2- B,S",Peru
429,4.0,"2- B,S",Peru
432,3.5,"4- B,S,C,L",Ecuador
434,2.5,"4- B,S,C,L",Ecuador
435,1.5,"4- B,S,C,L",Ecuador
436,1.0,"3- B,S,C",Belgium
437,2.75,"3- B,S,C",Belgium
438,2.25,"2- B,S",Italy
439,2.5,"2- B,S",Italy
440,3.0,"2- B,S",Italy
441,3.5,1- B,Italy
444,3.5,"2- B,S",Italy
453,3.75,"4- B,S,C,L",Colombia
454,2.0,"4- B,S,C,L",Ecuador
456,2.75,"4- B,S,C,L",Ecuador
457,3.0,"4- B,S,C,L",Ecuador
458,3.25,"4- B,S,C,L",Ecuador
460,3.5,"3- B,S,C",New Zealand
461,3.75,"3- B,S,C",New Zealand
466,3.0,"2- B,S",Costa Rica
467,2.75,"2- B,S",Costa Rica
468,3.5,"3- B,S,C",Costa Rica
469,3.25,"2- B,S",Costa Rica
470,3.5,"2- B,S",Costa Rica
471,3.0,"3- B,S,C",Colombia
472,3.25,"3- B,S,C",Colombia
474,3.5,"3- B,S,C",Colombia
476,2.0,"2- B,S",U.S.A.
478,3.25,"2- B,S",Brazil
498,3.0,"3- B,S,C",Belgium
500,2.5,"3- B,S,C",Belgium
506,2.75,"3- B,S,C",Canada
507,3.0,"3- B,S,C",Canada
509,3.25,"3- B,S,C",Canada
510,3.0,"2- B,S",France
513,3.0,"3- B,S,C",Ecuador
514,2.75,"3- B,S,C",Ecuador
522,3.0,"2- B,S",Germany
523,3.25,"2- B,S",Germany
524,2.75,"2- B,S",South Korea
525,3.5,"2- B,S",South Korea
526,2.5,"3- B,S,C",Hungary
527,3.25,"3- B,S,C",Hungary
528,2.5,"2- B,S",U.K.
529,2.75,"2- B,S",U.K.
531,3.0,"2- B,S",U.K.
534,2.5,"2- B,S*",U.S.A.
543,2.75,"3- B,S*,C",U.S.A.
544,3.25,"3- B,S,C",Netherlands
546,3.75,"3- B,S,C",Netherlands
547,2.5,"3- B,S,C",Scotland
548,2.75,"3- B,S,C",Scotland
549,3.25,"3- B,S,C",Scotland
550,3.75,"2- B,S",Scotland
551,3.75,"3- B,S,C",Scotland
556,2.5,"4- B,S,C,V",Canada
560,3.0,"3- B,S,C",Japan
566,2.5,"4- B,S,C,L",Spain
568,3.0,"4- B,S,C,L",Spain
577,2.75,"4- B,S,C,V",Canada
578,3.0,"4- B,S,C,V",Canada
587,2.75,"4- B,S,V,L",Martinique
596,3.75,"3- B,S,C",Canada
599,3.0,"3- B,S,C",Sao Tome & Principe
600,3.75,"3- B,S,C",Sao Tome & Principe
601,1.0,"3- B,S,C",Sao Tome & Principe
602,3.75,"2- B,S",Sao Tome & Principe
606,3.5,"3- B,S,C",Canada
607,2.25,"4- B,S,C,V",St. Lucia
611,2.75,"3- B,S,C",Argentina
612,3.25,"3- B,S,C",Argentina
613,3.75,"3- B,S,C",Argentina
626,3.25,"3- B,S,C",Germany
628,3.75,"3- B,S,C",Germany
631,2.5,"3- B,S,C",Germany
636,1.5,"3- B,S,C",Germany
639,3.25,"4- B,S,C,L",Germany
642,3.25,"3- B,S,C",Australia
647,2.5,"3- B,S,C",Australia
663,3.75,"2- B,S",Mexico
664,3.25,"5- B,S,C,V,L",Australia
669,2.25,"3- B,S,C",U.K.
671,2.5,"4- B,S,C,L",U.K.
704,3.0,"4- B,S,C,V",Guatemala
705,3.25,"4- B,S,C,V",Guatemala
706,3.5,"4- B,S,C,V",Guatemala
708,3.75,"2- B,S",Guatemala
710,4.0,"2- B,S",Guatemala
711,3.25,"2- B,S",Guatemala
717,3.25,"4- B,S,C,L",Belgium
725,2.75,"4- B,S,C,L",U.S.A.
727,3.5,"3- B,S,C",Brazil
729,2.5,"3- B,S,C",South Africa
730,3.0,"3- B,S,C",South Africa
737,3.75,"4- B,S,C,V",France
738,3.0,"4- B,S,C,V",France
739,2.5,"2- B,S",Dominican Republic
741,3.0,"2- B,S",Dominican Republic
770,2.75,"4- B,S,C,L",Sao Tome & Principe
771,3.0,"4- B,S,C,L",Sao Tome & Principe
772,2.5,"4- B,S,C,L",Sao Tome & Principe
779,1.5,"3- B,S,L",Belgium
780,3.0,"3- B,S,L",Belgium
782,3.25,"2- B,S",Italy
784,4.0,"2- B,S",Italy
789,3.75,"2- B,S",Italy
800,3.0,"3- B,S,C",Italy
808,2.75,"3- B,S*,C",U.K.
810,3.5,"3- B,S*,C",U.K.
811,3.5,"2- B,S*",U.K.
829,3.5,"4- B,S,C,L",U.K.
831,4.0,"4- B,S,C,L",U.K.
833,3.25,"4- B,S,C,L",U.K.
855,2.75,"4- B,S,C,L",Bolivia
856,3.75,"4- B,S,C,L",Bolivia
857,2.75,"5- B,S,C,V,L",Venezuela
858,2.5,"5- B,S,C,V,L",Venezuela
860,3.0,"5- B,S,C,V,L",Venezuela
863,3.75,"5- B,S,C,V,L",Venezuela
871,2.75,"2- B,S",St. Lucia
872,3.25,"2- B,S",St. Lucia
874,3.5,"3- B,S,C",Japan
875,3.5,"2- B,S",France
877,3.25,"2- B,S",France
884,3.25,"3- B,S,C",Spain
889,2.0,"4- B,S,C,V",U.S.A.
907,3.0,"2- B,S",Portugal
908,2.5,"2- B,S",Portugal
909,2.75,"2- B,S",Portugal
910,3.0,"5- B,S,C,V,L",Switzerland
912,3.5,"5- B,S,C,V,L",Switzerland
913,4.0,"5- B,S,C,V,L",Switzerland
914,2.0,"5- B,S,C,V,L",Switzerland
917,2.25,"3- B,S,C",U.S.A.
933,3.0,"3- B,S,C",Norway
934,3.5,"3- B,S,C",Norway
937,2.75,"6- B,S,C,V,L,Sa",Puerto Rico
939,2.75,"2- B,S",Singapore
940,3.5,"2- B,S",Singapore
941,3.75,"2- B,S",Singapore
942,3.0,"2- B,S",Singapore
944,3.25,"2- B,S",Singapore
951,3.0,"2- B,S",New Zealand
952,3.25,"2- B,S",New Zealand
956,3.75,"2- B,S",New Zealand
958,3.75,"3- B,S,C",Venezuela
959,3.5,"3- B,S,C",Venezuela
962,2.5,"4- B,S,C,L",Venezuela
963,3.0,"3- B,S,C",Venezuela
964,3.25,"3- B,S,C",Venezuela
975,3.5,"2- B,S*",U.S.A.
976,2.0,"2- B,S*",U.S.A.
1027,3.5,"2- B,S",Denmark
1028,3.75,"3- B,S,C",Denmark
1029,3.5,"3- B,S,C",Denmark
1031,3.0,"3- B,S,C",Denmark
1032,3.25,"3- B,S,C",Denmark
1034,4.0,"3- B,S,C",Denmark
1069,2.5,"3- B,S,C",Taiwan
1070,3.0,"2- B,S",Taiwan
1072,3.5,"3- B,S,C",Taiwan
1073,2.5,"3- B,S,V",U.S.A.
1075,4.0,"4- B,S,C,L",Germany
1076,3.5,"4- B,S,C,L",Germany
1096,3.0,"5- B,S,C,V,L",Vietnam
1101,2.5,"5- B,S,C,V,L",U.K.
1103,2.5,"2- B,S",Japan
1105,2.5,"5- B,S,C,V,L",Grenada
1106,2.75,"5- B,S,C,V,L",Grenada
1107,3.25,"5- B,S,C,V,L",Grenada
1108,3.0,"4- B,S,C,L",Italy
1113,2.75,"4- B,S,C,L",Italy
1115,2.5,"5- B,S,C,V,L",U.S.A.
1128,2.75,"5- B,S,C,V,L",U.S.A.
1135,3.75,"5- B,S,C,V,L",U.S.A.
1144,2.0,"3- B,S,C",Canada
1145,2.5,"4- B,S,C,V",Germany
1163,3.5,"2- B,S",Mexico
1164,2.75,"3- B,S,L",Germany
1165,2.5,"4- B,S,C,L",Netherlands
1166,3.0,"4- B,S,C,L",Netherlands
1183,2.75,"2- B,S*",U.S.A.
1184,3.0,"2- B,S*",U.S.A.
1186,3.25,"2- B,S*",U.S.A.
1190,2.25,"2- B,S*",U.S.A.
1193,2.75,"3- B,S,C",New Zealand
1195,3.25,"3- B,S,C",New Zealand
1200,2.5,"2- B,S",Ecuador
1201,3.0,"2- B,S",Ecuador
1204,2.5,"2- B,S",Israel
1205,2.75,"2- B,S",Israel
1206,3.5,"2- B,S",Israel
1207,3.75,"2- B,S",Israel
1208,3.5,"4- B,S,C,L",Israel
1212,2.75,"4- B,S,C,L",Israel
1213,2.5,"2- B,S*",South Africa
1214,4.0,"2- B,S",U.K.
1218,3.0,"4- B,S,C,L",U.K.
1230,3.5,"4- B,S,V,L",U.K.
1235,3.5,"2- B,S",U.K.
1237,2.5,1- B,U.K.
1247,3.75,"3- B,S,C",Switzerland
1257,2.5,"4- B,S,C,L",India
1260,2.75,"4- B,S*,C,L",Scotland
1261,3.0,"4- B,S*,C,L",Scotland
1266,2.75,"4- B,S,C,L",St.Vincent-Grenadines
1269,2.0,"5- B,S,C,V,L",U.S.A.
1281,2.75,"2- B,S",Czech Republic
1282,2.75,"3- B,S,C",Czech Republic
1283,3.5,"3- B,S,C",Thailand
1284,3.0,"3- B,S,C",Thailand
1286,3.75,"3- B,S,C",Thailand
1287,3.5,"5- B,S,C,V,L",Dominican Republic
1288,3.0,"5- B,S,C,V,L",Dominican Republic
1289,3.25,"5- B,S,C,V,L",Dominican Republic
1295,3.5,"3- B,S,C",Dominican Republic
1296,3.0,"3- B,S,C",Dominican Republic
1297,3.75,"4- B,S,C,L",Dominican Republic
1301,4.0,"4- B,S,C,L",U.S.A.
1304,3.0,"3- B,S,C",Spain
1309,3.5,"4- B,S,C,V",Ecuador
1311,2.5,"4- B,S,C,V",Ecuador
1321,2.0,"5- B,S,C,V,L",Mexico
1324,3.0,"2- B,S",Netherlands
1326,3.25,"2- B,S",Netherlands
1327,3.75,"2- B,S",Netherlands
1343,2.5,"5- B,S,C,V,Sa",U.S.A.
1344,3.0,"5- B,S,C,V,Sa",U.S.A.
1354,4.0,"5- B,S,C,V,L",U.S.A.
1357,2.25,"3- B,S,C",Japan
1358,2.5,"3- B,S,C",Japan
1378,2.5,"3- B,S,C",Peru
1379,3.25,"3- B,S,C",Ecuador
1381,3.0,"2- B,S",Mexico
1403,3.25,"3- B,S,C",Belgium
1421,3.5,"3- B,S,C",Finland
1422,3.0,"2- B,S",Finland
1429,3.0,"4- B,S,C,V",Switzerland
1433,2.5,"5- B,S,C,V,L",Puerto Rico
1443,2.5,"2- B,S",Taiwan
1445,3.25,"2- B,S",Taiwan
1446,3.5,"2- B,S",Taiwan
1449,3.25,"3- B,S,C",Brazil
1451,2.75,"5- B,S,C,V,L",Colombia
1452,3.0,"5- B,S,C,V,L",Colombia
1454,3.5,"5- B,S,C,V,L",Colombia
1460,2.25,"3- B,S,C",Peru
1461,1.5,"3- B,S,C",Peru
1464,3.5,"5- B,S,C,V,L",Madagascar
1465,3.75,"5- B,S,C,V,L",Madagascar
1466,4.0,"5- B,S,C,V,L",Madagascar
1480,2.0,"4- B,S,C,V",Italy
1481,3.0,"4- B,S,V,L",Italy
1482,3.25,"5- B,S,C,V,L",Italy
1483,3.75,"5- B,S,C,V,L",Italy
1484,2.0,"4- B,S,C,L",Italy
1485,2.75,"4- B,S,C,L",Madagascar
1486,3.5,"4- B,S,C,L",Madagascar
1487,3.5,"5- B,S,C,V,L",Philippines
1488,2.75,"3- B,S*,C",Thailand
1491,3.0,"3- B,S,C",Sweden
1506,3.25,"2- B,S",Poland
1507,3.5,"2- B,S",Poland
1509,3.75,"2- B,S",Poland
1511,3.75,"3- B,S,C",Poland
1512,3.5,"3- B,S,C",Poland
1535,3.5,"3- B,S,C",Vietnam
1539,3.0,"3- B,S,C",Vietnam
1542,3.25,"2- B,S",Vietnam
1543,3.5,"2- B,S",Vietnam
1544,3.75,"2- B,S",Vietnam
1550,2.25,"4- B,S,C,V",U.S.A.
1552,2.75,"3- B,S,C",Austria
1553,3.0,"3- B,S,C",Austria
1554,3.25,"3- B,S,C",Austria
1574,4.0,"3- B,S,C",Australia
1576,3.75,"3- B,S,C",Australia
1586,2.5,"3- B,S,C",Canada
1593,2.5,"2- B,S*",Denmark
1594,2.75,"2- B,S*",Denmark
1595,3.25,"2- B,S*",Denmark
1597,2.5,"4- B,S,C,L",Madagascar
1600,3.25,"3- B,S,C",Honduras
1601,3.5,"3- B,S,C",Honduras
1604,2.75,"3- B,S,C",Honduras
1605,3.0,"3- B,S,C",Honduras
1606,2.5,"3- B,S,C",Brazil
1608,3.5,"3- B,S,C",Sweden
1611,3.5,"3- B,S,V",Netherlands
1614,2.0,"4- B,S,C,V",France
1621,3.5,"4- B,S,C,V",France
1624,3.25,"4- B,S,C,V",France
1627,1.5,"4- B,S*,C,Sa",U.S.A.
1628,2.0,"4- B,S*,C,Sa",U.S.A.
1629,2.5,"4- B,S*,C,Sa",U.S.A.
1630,2.5,"3- B,S*,Sa",U.S.A.
1631,3.25,"4- B,S,C,Sa",U.S.A.
1653,3.75,"2- B,S",Japan
1657,3.0,"2- B,S",U.A.E.
1658,3.25,"2- B,S",U.A.E.
1659,3.5,"3- B,S,C",U.A.E.
1660,3.5,"2- B,S",U.A.E.
1661,3.75,"3- B,S,C",U.A.E.
1662,3.5,"3- B,S,C",Czech Republic
1663,3.5,"2- B,S",Brazil
1664,3.75,"2- B,S",Brazil
1665,3.0,"3- B,S,C",Brazil
1666,2.5,"3- B,S,C",Colombia
1680,2.75,"2- B,S",Nicaragua
1682,3.25,"3- B,S,C",Nicaragua
1690,3.5,"3- B,S,C",Ecuador
1700,2.5,"3- B,S,C",Costa Rica
1701,3.0,"3- B,S,C",Costa Rica
1702,2.5,"4- B,S,C,V",Lithuania
1703,3.75,"4- B,S,C,L",Lithuania
1705,3.25,"4- B,S,C,L",Lithuania
1706,2.75,"4- B,S,C,L",Lithuania
1707,3.0,"4- B,S,C,L",Lithuania
1708,3.25,"3- B,S,C",Lithuania
1709,2.75,"3- B,S,C",Lithuania
1715,3.25,"2- B,S",Ireland
1716,2.0,"5- B,S,C,V,L",Belgium
1717,2.75,"5- B,S,C,V,L",Belgium
1718,3.0,"5- B,S,C,V,L",Belgium
1719,1.0,"5- B,S,C,V,L",Belgium
1720,3.75,"5- B,S,C,V,L",Belgium
1721,2.5,"5- B,S,C,V,L",Belgium
1731,3.75,"3- B,S,C",Ecuador
1732,3.0,"3- B,S,C",Peru
1738,3.0,"4- B,S*,V,L",U.S.A.
1740,3.25,"4- B,S*,V,L",U.S.A.
1761,3.75,"2- B,S",Chile
1764,4.0,"3- B,S,C",Scotland
1765,2.75,"2- B,S",New Zealand
1768,3.5,"2- B,S",New Zealand
1769,2.75,1- B,New Zealand
1779,3.0,1- B,U.S.A.
1786,3.5,"2- B,S",Germany
1792,2.0,"5- B,S,C,V,L",Canada
1793,2.75,"5- B,S,C,V,L",Canada
1795,3.0,"5- B,S,C,V,L",Canada
1796,2.75,"4- B,S,C,L",Ghana
1797,3.0,"3- B,S,C",Iceland
1798,3.5,"3- B,S,C",Iceland
1799,3.75,"3- B,S,C",Iceland
1806,2.75,"3- B,S,C",Switzerland
1819,3.25,"2- B,S",Switzerland
1822,3.0,"4- B,S,C,L",Peru
1827,2.0,"3- B,S,C",Ecuador
1831,4.0,"4- B,S,C,L",Ecuador
1834,3.75,"4- B,S,C,L",Ecuador
1837,3.5,"5- B,S,C,V,L",Japan
1838,3.25,"5- B,S,C,V,L",Japan
1839,3.75,"5- B,S,C,V,L",Japan
1840,2.75,"2- B,S",Canada
1841,3.75,"2- B,S",Canada
1846,3.25,"2- B,S*",Canada
1856,3.25,"2- B,S",Spain
1859,3.5,"2- B,S",Spain
1862,3.5,"3- B,S,V",U.S.A.
1870,2.5,"4- B,S,C,V",Peru
1871,2.75,"4- B,S,C,V",Peru
1878,2.25,"2- B,S*",U.K.
1879,2.75,"2- B,S*",U.K.
1881,3.0,"3- B,S*,C",U.S.A.
1882,3.25,"4- B,S,C,L",Canada
1883,4.0,"5- B,S,C,V,L",Belgium
1889,3.5,"5- B,S,C,V,L",Belgium
1893,3.25,"5- B,S,C,V,L",Belgium
1903,2.5,"4- B,S,V,L",U.S.A.
1939,3.0,"2- B,C",France
1940,2.0,"4- B,S,C,L",France
1967,3.75,"2- B,S",U.K.
1974,3.75,"4- B,S,C,L",Italy
1979,2.75,"3- B,S,C",Brazil
1984,4.0,"3- B,S,C",Canada
1986,2.75,"3- B,S,C",Mexico
1994,2.75,"5- B,S,C,V,L",Guatemala
2007,2.5,"3- B,S,C",Poland
2029,3.25,"2- B,S",South Korea
2032,3.25,"5- B,S,C,V,L",Madagascar
2033,3.25,"4- B,S,C,L",Madagascar
2051,3.5,"3- B,S,C",Hungary
2054,2.75,"3- B,S,C",Hungary
2056,2.25,"3- B,S,C",Hungary
2058,3.75,"3- B,S,C",Hungary
2060,2.75,"3- B,S*,C",Italy
2062,3.5,"3- B,S,C",Italy
2064,2.75,"2- B,S",Italy
2066,1.5,"3- B,S,C",Italy
2070,2.75,"4- B,S*,C,V",U.S.A.
2071,3.25,"4- B,S*,C,V",U.S.A.
2072,3.5,"4- B,S,C,L",Argentina
2077,2.0,"5- B,S,C,V,L",Colombia
2079,3.75,"5- B,S,C,V,L",Colombia
2080,2.75,"3- B,S,L",Colombia
2124,3.25,"3- B,S,C",Costa Rica
2128,3.0,"4- B,S,C,Sa",Italy
2129,3.25,"4- B,S,C,Sa",Italy
2135,3.0,1- B,Canada
2167,1.5,"3- B,S,C",U.S.A.
2168,3.25,"3- B,S*,C",Netherlands
2169,2.75,"3- B,S,C",India
2240,3.25,"4- B,S,C,V",Canada
2264,3.0,"4- B,S,C,L",Switzerland
2265,3.0,"3- B,S,L",U.S.A.
2266,2.25,"3- B,S,L",U.S.A.
2267,3.25,"2- B,S",Sweden
2268,3.5,"2- B,S",Sweden
2270,3.0,"4- B,S*,C,V",U.S.A.
2275,3.25,"4- B,S,C,V",Switzerland
2276,2.75,"4- B,S,C,V",Switzerland
2285,2.5,"5- B,S,C,V,L",Denmark
2286,3.0,"5- B,S,C,V,L",Denmark
2287,2.75,"3- B,S,C",Venezuela
2289,2.75,"2- B,S",Sweden
2296,2.75,"3- B,S,C",Japan
2297,3.0,"5- B,S,C,V,L",Japan
2298,2.5,"5- B,S,C,V,L",Japan
2303,3.0,"3- B,S,C",Hungary
2325,2.75,"4- B,S,C,L",Japan
2326,2.75,"3- B,S,C",Vietnam
2328,3.25,"2- B,S",Suriname
2383,3.0,"3- B,S,L",Colombia
2384,3.25,"3- B,S,L",Colombia
2399,3.25,"3- B,S*,C",U.S.A.
2410,3.5,"3- B,S,C",Madagascar
2427,3.25,"4- B,S,C,V",Italy
2428,3.75,"3- B,S,C",Spain
2432,3.75,"5- B,S,C,V,L",France
2438,4.0,"5- B,S,C,V,L",France
2439,1.5,"5- B,S,C,V,L",France
2442,3.25,"5- B,S,C,V,L",France
2455,2.75,"3- B,S,C",Madagascar
2456,2.75,"4- B,S,C,V",Madagascar
2458,3.0,"3- B,S,C",Madagascar
2460,3.25,"3- B,S,C",Madagascar
2461,3.5,"3- B,S*,C",U.S.A.
2478,2.0,"3- B,S,C",U.S.A.
2492,3.5,"2- B,S*",New Zealand
2505,2.5,"3- B,S,C",New Zealand
2506,2.5,"3- B,S,C",Ireland
2507,2.75,"3- B,S,C",Ireland
2508,3.25,"3- B,S,C",Ireland
2533,3.0,"5- B,S,C,L,Sa",Dominican Republic
2534,2.75,"4- B,S,C,L",El Salvador
2535,3.25,"4- B,S,C,L",El Salvador
2536,3.0,"4- B,S,C,L",El Salvador
2552,3.5,"3- B,S,C",Austria
2557,3.5,"2- B,S",Austria
2558,3.5,"4- B,S,C,L",Australia
2560,3.75,"4- B,S,C,L",Australia
2566,3.0,"3- B,S*,C",Belgium
2567,3.0,"4- B,S*,C,Sa",Austria
2568,3.75,"4- B,S*,C,Sa",Austria
2570,3.5,"4- B,S*,C,Sa",Austria
2571,3.25,"4- B,S*,C,Sa",Austria
2583,2.75,"4- B,S*,C,Sa",Austria
2584,3.75,"3- B,S,C",Austria
